,Title,Link,Description
0,"전주 가볼만한곳 덕진공원 연화정 도서관, 생각보다 너무... ",https://blog.naver.com/ljh6971/223589889621,도서관 연화정 도서관은 전북대 근처에 위치한 전주의 가볼만한 곳 중 하나인 덕진공원 안에 있는 도서관이에요 덕진공원은 24시간 무료 개방에 입장료도 없고 넓어서 부담없이 가서 산책하기 정말 좋은 곳!... 
1,전주 덕진공원 연화정도서관 포토존 주차장,https://blog.naver.com/ecko18/223469689894,아이와 함께하기에도 데이트를 하기에도 아름다운 곳에서 책향기를 머금은 도서관을 같이 한번 느껴보시죠. 킁킁 어디서 향기나지 않니 :D - 1. 전주 덕진공원 연화정도서관 전주 덕진공원은 덕진호가 품고있는... 
2,"전주여행 1: 콩국수 맛집 태평집, 덕진공원, 연화정 도서관",https://blog.naver.com/nse1019/223431880971,"게 연화정도서관, 그리고 더 멀리 보이는 게 전북대학교 건물. 사진 엄청 많이 찍었따. ㅋㅋㅋ 아름다운 건 크게 연꽃이 그래도 한두 송이는 피어있어서 사진의 심심함을 덜어준다. 생각보다 컸던 도서관... "
3,연화정 도서관 : 전북 전주... 만날 수 있는 특별한 한옥도서관,https://blog.naver.com/psybobo11/223461729422,여행으로 도서관을 여행 코스로 넣었다. 그도 그럴게 연화정 도서관은 한옥의 분위기를 그대로 살린 곳으로 전국에서도 아름답다고 소문이 나있어서 정말 그 모습이 궁금했다. 연화정 주차장이 공사를 하고... 
4,"전주비빔밥, 비오는 날의  연꽃 분위기 연화정도서관, 양귀자 모순",https://blog.naver.com/jhm4435/223160218666,연화정 도서관 2일차 도서관 투어 장소는 연화정~!!! 주차는 덕진공원 주차장. 무료. 비 와서 사람없겠지 했는데 차들이 꽤 있었다. 짜잔~~~!! 주차장에서 딱 나오면 보이는 덕진호수와 도서관! 저 다리를 건너가면... 
5,전주 야경 명소 덕진공원 주차장 연화정 도서관 포토존,https://blog.naver.com/5fiona/223367518440,"사진이 잘 나오는 연화정 도서관 근처 포토존까지 총정리했습니다. 주차장 덕진공원 연화정도서관... 건축물이었던 연화정이 재건축 후 도서관이 된 것입니다. 2022년 6월에 개관했다는데, 그래서인지 신축 같은... "
6,"한복체험, 연화정도서관, 점심 맛집부터 카페, 야식꺄지",https://blog.naver.com/boyclamp/223626024045,보이는 #연화정도서관 풍경이 너무 예쁘다 연화정 도서관 밖 풍경 실내도 완전 한옥 느낌 이렇게 차분히 앉아서 책 읽을 수 있는 공간도 있다 꼭 책을 읽지 않아도 공간 자체로 매력적인 곳이라 일정이 되면 한... 
7,전주 덕진공원 : 산책하기 좋은 도심 속 자연과 연화정 도서관... ,https://blog.naver.com/goorum_i/223611164688,그리고 저 멀리 보이는 연화정 도서관. 저희의 다음 이동 목적지는 도서관이었습니다. 안에서 편하게... 연화정도서관  주소) 전북 전주시 덕진구 권삼득로 390-1 연화정  연락처) 063-714-3527  운영시간) 화-일 10:00... 
8,전주 덕진공원 야경명소 연화정 도서관 야간데이트 추천,https://blog.naver.com/j_yun93/223604016624,"참고로 연화정 도서관의 영업시간은 10시 ~ 19시 (주말, 공휴일, 매주 월요일 휴무)에요. 저녁에 가면 도서관 내부로 들어갈 수 없고, 밖에서만 구경할 수 있어요. 내부에서 보는 풍경도 예쁠 것 같은 연화정... "
9,"[전주] 2일차 - 연화정 도서관, 길거리야, 경기전, 현대옥",https://blog.naver.com/chocopieee_/223608843331,여기 진짜 맛있다 ㅠㅠ 밥 먹고 다녀온 #연화정도서관 주차장이 좀 협소하다. 겨우 주차함 연화정 도서관 입구 현판이 한글로 되어있어 더 예뻐보임 책 종류가 많진 않다. 안에 책 읽거나 쉬는 사람들이 앉아있음... 
10,"전주도서관여행, 건지산숲속도서관, 연화정도서관, 정혜사",https://blog.naver.com/bakong94/223456252125,"어쨌든 내 마음속 잘 지어진 도서관으로 꼽히는 #연화정도서관 사실 오늘 도서관 여행의 첫코스로 9시에 들렀는데, 10시~19시까지 운영되고 있어 마지막 코스로 들림. 아무래도 작은 도서관이라 각... "
11,"나홀로 2박 3일 전주 혼여행 3일차, 연화정 도서관에서 여유를~",https://blog.naver.com/strongddungddang/223626438293,택시에 연화정 도서관 찍고 가니까 뒷문(?) 으로 데려다주셔서 짐맡길려면 반대편까지 걸어가야했다 그래서 그냥 한국인을 믿기로함 도서관에 짐 두고 구경했다 ㅎ (짐맡기실려면 정문 찍고 가세욤…) 내부가... 
12,전주 가볼만한곳 한옥마을 연화정 동문헌책 도서관,https://blog.naver.com/kmjoth1001/223622078620,동문헌책도서관 연화정도서관 포스팅 시작해보아요 한옥마을도서관 전북 전주시 완산구 한지길 68-3... 보낼듯요 연화정도서관 전북 전주시 덕진구 권삼득로 390-1 연화정 운영시간 10:00~19:00 매주월요일휴무... 
13,전주에 가볼만한곳 연화정도서관 덕진공원 음악분수,https://blog.naver.com/1sangsoso/223632810224,연화정도서관은 실제 운영하고있는 도서관이기도 합니다. 외관도 한옥으로 되어있어 참아름다운데요. 널찍한 유리창을 통해 연못과 주변 자연을 감상 할 수 있고 내부는 아늑하고 깔끔하게 꾸며져... 
14,전주 덕진공원 연화정 도서관 -이색 한옥도서관,https://blog.naver.com/winthrough70/223297677128,"연화정 도서관만큼 운치 있고 힐링 되는 도서관이 또 있을까 싶어요. 연화정 도서관은 ㄱ자 형태로 되어있는 단층 건물로 되어있어 책을 읽을 수 있는 연화정과 문화공간이나 모임, 쉼터가 되는 누각인 연화루로... "
15,[전주] 여느 카페보다 더 예쁜 도서관 / 연화정 도서관,https://blog.naver.com/ggoo83/223187535050,연화정 도서관 이라는 이름에 걸맞게 도서관으로 가는 길 부터 연꽃 천국이다. 우리가 방문할 때가 7월 중순 즈음이니 지금쯤 더 만개하지 않았을까? 벌써 다 졌으려나?? 비가 오는데도 불구하고 사람이 꽤 많아... 
16,전주 야경 드라이브 덕진공원 주차장 연꽃 연화정도서관,https://blog.naver.com/ksw12323/223625558679,"다리와 연화정도서관 안내판 주차장은 2군데가 있어요 ! • 사진 지도 기준 밑쪽에 전주덕진예술회관... 갑미당 연화정도서관으로 가는 길 올라가서 가는 길이 있고, 그 옆에 그냥 평지로 가는 길이 있어요 저는... "
17,"도서관 투어 여행ㅣ책기둥 도서관, 금암도서관, 연화정도서관",https://blog.naver.com/aloahjisun/223634460544,"금암도서관 ▪︎ 연화정도서관 + 학산시집도서관 주말, 토요일에 방문한 전주 ! 운이 좋게도 당일에... 엘레베이터 ~ 연화정 도서관 전주시 덕진구 권삼득로 390-1 연화정 사실 이 곳은 맛보기로 보여드릴 것니다... "
18,전주 덕진공원 연화정도서관,https://blog.naver.com/cosby501/223120468076,그게 연화정이었나봅니다)대신 멋진 한옥 도서관인 연화정도서관이 들어왔다는 걸 알았네요. 사진으로 쭈욱 살펴볼까요? 전주 덕진공원 위치 위치 보시다시피 전주 덕진공원은 덕진호 (전 덕진연못으로... 
19,전주 연꽃명소 덕진공원 연화정도서관과 주차팁... ,https://blog.naver.com/foxbear2212/223513095877,전주도서관 연화정 분원이라고 보인다. 개관시간을 재밌게도 책꽃 필 무렵/ 질 무렵으로 표시하고 있다. 연화정도서관 개관 : 화~일요일 책꽃 필 무렵 : 10시 책꽃 질 무렵 : 19시 도서관은 겉에서 보기보다 안에... 
20,전주여행1일차(feat.연화정도서관),https://blog.naver.com/deneb55/223328862948,연화정 도서관은 덕진공원 호수 한가운데에 있는 한옥도서관이다. 연지문을 통과해서 들어가다 보면... 다시 연화정으로 - 선제골을 넣고 이길 것 같던 축구는 어느 덧 1:2로 패색이 짙더니 기적처럼 2:2가 되면서... 
21,가을 전주 혼자 여행 덕진공원 연화정도서관 추천,https://blog.naver.com/dnskfls1000/223626573004,연화정 도서관은 덕진공원 호수 위에 떠있는 것 같은 신비롭고 고즈넉한 분위기의 한옥 도서관이었어요.. 여기 진짜 너무 좋습니다ㅜㅜ 진짜 이런 도서관 처음봐서 계속 감탄했어요.. 여기는 월요일 제외 매일... 
22,전주 가볼만한 곳 덕진공원 고즈넉한 연화정도서관,https://blog.naver.com/springtri/222972456877,덕진호 연화정도서관. 도서관 건물 옆 별채는 이렇게 아무나 들어와서 쉴 수가 있는데요. 지금은 아무래도 조금 춥기는 했어요. 봄에는 이곳에서 햇살을 받으면 앉아 있으면 정말 좋을 것 같아요. 연꽃이 필때... 
23,전주 여행 덕진공원 도서관 비오는 주말에 뭐하지(연화정),https://blog.naver.com/violet___ok/223507830289,(대신 이곳은 햇볕을 피할 곳이 없어요.) 그래서 덕진공원을 가로지르는 길 중간에 잠시 쉬어갈 수 있는 도서관이 있어서 잠시 쉬었다 가면 좋습니다. 그 곳이 바로 연화정입니다. 연화정 도서관 덕진공원 정... 
24,"[전주여행] 전주 덕진공원, 연화정 도서관 둘러보기.",https://blog.naver.com/elqkdmffj/223470299641,호수 가운데에 연화정도서관도 있습니다. 덕진공원 안으로 들어갑니다. 하지만 덕진공원 호수는 작년... 덕진공원 둘러보는 중 백양촌 신근 선생 시비 덕진공원비 이제 덕진공원 호수와 연화정도서관쪽으로... 
25,전주 가 볼만한 곳 연화정도서관,https://blog.naver.com/soopia612/223625496485,소개글 참고) 길가다 본 꽃 사데풀 분홍애기나팔꽃 #전주연화정도서관 #전주한옥도서관 #연화정 #터미널에서연화정가기 #전주연화정 #도서관여행 #탁현규작가초청 #비오는날어디가지 #덕진공원 #연화교 #책
26,전주 가볼만한곳 덕진공원 연화정 도서관 위치 포토존 주차... ,https://blog.naver.com/dndsns/223534242080,"한옥도서관, 연화정 도서관 포토존 소개해 드리겠습니다 덕진공원 주차 덕진공원 인근의 주차장은 총 5곳이 있습니다 아래에 자세한 주차정보 주소 적어두었어요 1. 덕진공원 부설공영주차장 전주시 덕진구... "
27,전주 갈만한곳 덕진공원 연화정도서관 포토존 볼거리,https://blog.naver.com/mjk2797/223253549759,공원 내에는 연화정 도서관이라는 한옥 도서관이 있어 운치 있는 장소에서 독서를 할 수 있습니다. 물론 포토존도 있구요. ㅎㅎ 7월 중순쯤 방문하시면 예쁜 연꽃이 핀 모습을 볼 수 있고 저처럼 가을에... 
28,전주 가볼만한곳 덕진공원 연꽃 전주한옥도서관 연화정 도서관... ,https://blog.naver.com/travelgeo/223527299332,"과거에 덕진호를 가로지르는 현수교 건너면 연화정이라는 건물이 있었는데, 그 자리에는 전주스러움을 담은 연화정 도서관이 이어받았다. 조금은 어울리지 않았던 3층 건물은 철거하고, 단층 한옥 도서관을... "
29,전주 덕진공원 야간 볼거리 야경 산책로 연화정 도서관 주차장,https://blog.naver.com/hong_flow/223397529542,"운영되는 도서관이기 때문이니, 입구 쪽에 이용 가능한 시간을 상세하게 안내하고 있어 한 장 찍어서 첨부해 봤네요 2. 연화정 도서관 여유로운 독서 이대로 덕진공원 투어를 마무리하기엔 다소 아쉬움이 남아... "
30,전주 가볼만한곳 덕진공원 연화정도서관 연꽃 뷰 한옥도서관,https://blog.naver.com/wiz_js/223214969186,전주 가볼만한곳 덕진공원 연화정도서관 연꽃 뷰 한옥도서관 안녕하세요 신이나는 여행 중인 이나예요 오늘은 전주 가볼만한곳으로 유명한 덕진공원 연화정도서관 후기를 남겨보려고해요 저도 이야기는 누누히... 
31,전주 덕진공원 연꽃 끝물 연화정 도서관 및 주차장 정보,https://blog.naver.com/jeyul_story/223597354769,전주 연화정 도서관 다리를 건너면 호수 안에 있는 연화정 도서관에 도착할 수 있는데요. 한옥 건물로 지어진 도서관이라 꼭 책을 보러 가는 게 아니더라도 산책 겸 가기 괜찮은 곳이에요. 물론 내부도 정말... 
32,"전주여행 가볼만한곳 덕진공원 연화정 도서관,자만벽화마을",https://blog.naver.com/ejjo2002/223347966269,기와가 연화정 도서관 도서관이 맞나 싶을정도로 분위기 있어요 한옥에 멋이 한결 중후한 느낌 조용해도 너무 조용하다 시간만 되면 멍때리기도 좋은 곳 도서관보단 한옥카페 같아요 아기자기 따뜻한 조명한... 
33,전북 전주 연화정 도서관 시간 아이랑 실내 가볼만한곳,https://blog.naver.com/retros2009/223532281685,천천히 도서관 바깥도 다 둘러보기를 추천한다 연화정 도서관 내부 [ 연화정 ] 내부 역시 전통적인 분위기를 그래도 살리면서도 현대적인 편의성도 살린 모습이다 테이블이 아름다운 풍경을 바라볼 수 있도록... 
34,"전주, 덕진공원,연화정도서관 - 전주 도서관 투어",https://blog.naver.com/gongju7000/223615481591,아름다운 건 맘에 꼭꼭 채워 넣고 아름다운 풍경은 눈에도 꽉꽉 채워 넣고 도서관을 나오는 길 전주 연화정도서관 아름다운 연화교를 지나 만나는 참 멋진 한옥 도서관 전주라서 더 멋짐이 어울리는 곳이네요.... 
35,"멋진 풍경 속, 독서와 힐링 &lt;연화정도서관&gt;",https://blog.naver.com/jeonjudeokjinpark/223573506704,전주 덕진공원에 위치한 연화정 도서관은 전통 한옥 스타일로 지어진 도서관이예요! 도서관 자체가... 주소 : 전북 전주시 덕진구 권삼득로 390-1 연화정 운영시간 : 화-일 10:00~19:00 정기휴무 : 매주 월요일... 
36,전주 덕진공원 야간 풍경 예쁜 연화정도서관 야경 공사,https://blog.naver.com/dlgkssktkfkd/223382747007,"지나면 도서관 건물에 들어설 수 있어요. 담벼락도, 나무도, 건물 장식 디테일도 다 좋았던 한국의 멋 ♥ 넓은 마당이 있는 연화정도서관 사진으로 보니 내부도 분위기가 아늑하고 이쁘더라고요. 다음엔 낮에... "
37,"[전주] 연화정도서관, 한 여름에 핀 연꽃",https://blog.naver.com/eomjigongju/223543768438,유명하거나 새로 지은 도서관을 찾아가는 것도 좋을 것 같다. 정말 아름다운 도서관 전주 연화정이다. #전주덕진공원도서관 #연화정도서관 #연꽃도서관 #아름다운도서관 #가볼만한도서관 #전주연화정도서관
38,전주 가볼만한곳 덕진공원 포토존 연화정도서관 주차장,https://blog.naver.com/maeilcrew/223559409254,"한 블로그의 잘못된 정보를 보고, 월요일에 방문했다가 도서관 문이 닫혀있어 아쉬움을 느꼈습니다. 연화정도서관은 한옥의 외관에 내부는 현대적인 시설을 갖추고 있으며, 다양한 책과 자료를 열람할 수 있는... "
39,전주 가볼만한곳 한옥 연화정도서관 연꽃 만발 덕진공원 여름... ,https://blog.naver.com/haruilgi_diary/223559506662,한옥 연화정도서관 연화정도서관은 전주 덕진공원 내에 있어요. 하계 에는 연장 운영한다고 해요. ⏰️운영시간 평일 10시에서 21시 주말은 10시에서 19시 매주 월요일 법정공휴일 휴관 ☎️문의전화: 063-714... 
40,"전주 가볼만한곳 전주한옥마을, 연화정도서관, 근교 맛집... ",https://blog.naver.com/zzanguna/223516295727,"야경명소 연화정도서관 야경명소로 잘 알려진 덕진공원, 연화정도서관도 전주 가볼만한곳으로 추천드리고 싶어요 전주 주민들에게 독서를 제공하는 한옥 도서관으로 일반 도서관과 다르게 분위기가 진짜... "
41,전주 덕진공원 연꽃 놀이터 연화정 도서관 가을 전주 여행 코스... ,https://blog.naver.com/tjnz1541/223606367597,"이번에 다녀온 #전주덕진공원 은 연꽃이 가득한 풍경은 물론 놀이터, #연화정도서관 까지 있는 곳이에요. 자연이 예쁘고, 한옥의 도서관이 멋진 가을 #전주여행코스 로 또 가고 싶은 그곳을 소개합니다. 1. 전주... "
42,연화정 도서관에서 한강을 즐기다,https://blog.naver.com/nty1218/223615092172,연화정도서관에서 바라본 덕진공원은 고요합니다. 공원 속에서 책을 볼 수 있는 공간이 있다는 것이 너무나 즐거운 경험입니다. 도서관이 관광과 여행의 공간이 되었습니다. 책 여행이라도 할 수 있습니다. 이... 
43,전주 가볼만한곳 덕진공원 연화정도서관 노을 일몰 명소,https://blog.naver.com/o__onica/223586138705,"연화정 도서관은 한옥의 아름다움이 돋보이는 정말 예쁜 장소이다. 실제로 책을 읽는 도서관이라 떠들면안되고, 구경하는데 조심스럽게 이동했었다. 뷰가 정말 아름다워서 앞에서 한컷 여기 사진이 정말... "
44,[전주] 전주가볼만한 곳 덕진공원 연화정도서관,https://blog.naver.com/tosiri8516/223152117563,한낮의 공원이지만 산책로가 잘 되어 있어서 안 돌아볼 수가 없었던 것 연화정 도서관은 한쪽은... 대학 지도 교수님을 생각나게 하는 책들 #바리데기 #바리공주 #구렁덩덩새신랑 시원한 도서관에서 나무냄새... 
45,기록 -1 ♀️ (고궁 전주본점/덕진공원/연화정 도서관/카페한올),https://blog.naver.com/tmakdlfcjs/223579112337,덕진공원 &amp; 연화정 도서관 @덕진공원 아니 여기 뭐에요?! 너무 좋잖아?! 공원 지나가면서 진짜 예쁘고 좋다고 백만번은 말한듯 덕진공원 지나가면 연희정 도서관도 필수 ! 투호놀이랑 딱지치기도 있고 별똥별... 
46,전주 여행 가볼만한 곳 덕진공원 연화정도서관,https://blog.naver.com/rachel1219/223255357893,연화정도서관 창밖 풍경이 너무 예뻐서 사진을 찍지 않을 수가 없었다. 창가에 앉아 계신 도서관 이용객을 피해 비어 있는 자리쪽 창문을 찍고 있으니 사람들이 인증샷을 찍기 위해 몰려 들었다. 나는 카메라... 
47,[전주 : 덕진공원] 연화정도서관 야경 밤산책 즐기기,https://blog.naver.com/ellparooloo/223618980984,"연화정 도서관 덕진공원 오기전까지 이거 하는지 몰랐는데, 서프라이즈 선물 마냥 도서관 도착하니까 시작하길래 큰 기대 없이 봤는데 한옥과 너무 잘 어울려서 재밌었다 도서관 뒤쪽 역시 한옥은 밤에 빛이... "
48,"전주ㅣ연화정도서관, 동양적 풍경이 담긴 인스타 성지",https://blog.naver.com/playce/223490015945,"연화정도서관,연화정도서관 운영시간,연화정도서관 대출,전주 연화정도서관,화정도서관 열람실,덕진공원,덕진공원 연꽃,덕진공원 공사,덕진공원 카페,덕진공원 야경,덕진공원 숲놀이터,덕진공원 사진... "
49,독립출판 북페어 들어보셨는가? (Ft. 2023. 연화정도서관 축제),https://blog.naver.com/sey3624/223504604354,"그만큼 좋았던 2023년 전주책쾌 자네, 신이 났구려 전주 덕진공원에 있는 연화정 도서관 전주 오면 꼭 들러야 할 도서관 중 한 곳이지요. 저랑 함께 가고 싶다면 DM주세요  2 개인이나 소수 그룹이 기획, 창작... "
50,전주갈만한곳 덕진공원 연꽃 축제 연화정 도서관 가는법 포토존,https://blog.naver.com/travel__sun/223519684450,들어와서 연화정을 바라보고 왼쪽으로 가시면 만날 수 있는 포토존인데요 이렇게 네모난 프레임안에... 예뻐서 도서관과 사진 남겨주었어요 연화정도서관은 실제 주민분들이 책도 잃고 하는 도서관으로... 
51,전주 가볼만한 곳 - 연화정 도서관 꼭 가보세요!!,https://blog.naver.com/wonhyang75/223585259704,#전주덕진공원 주차장에 주차를 하고 #연화교 를 건너가면 공원안에 위치한 #한옥도서관 인 #연화정도서관 을 만날수 있습니다! 파란하늘과 덕진호와 함께 멋스러운 한옥 도서관은 한폭의 그림같은 풍경 연화정... 
52,전주 덕진공원 연화정도서관 연잎 식물원 한옥 도서관 가볼만한곳,https://blog.naver.com/raphia-/223595753833,"8 연화정 : 393.75 풍월정 : 28.8 연지정 : 28.8 호수 호수면적 : 99.174 연꽃자생지 : 42,975 창포군락지 : 1,388... 덕진공원이 한 눈에 보이는 연화정도서관은 전주 한옥 도서관이라 그냥 앉아만 있어도 기분이... "
53,전북전주) 전주 덕진공원 연화교 연화정도서관 야경,https://blog.naver.com/free6714/223532590034,건축물이었던 연화정은 재건축의 과정을 거쳐 도서관으로 재단장하게 되었다. 새로 지은 연화정은 ㄱ자... ㅡ지식백과 (대한민국 구석구석)ㅡ 연화정도서관 도서관 안에는 휴식을 취하거나 독서를 하는 분들이... 
54,가장 아름다운 한옥 도서관 (Feat. 전주덕진공원 연화정도서관),https://blog.naver.com/haybuddy/223543466004,^^ 연화정도서관 전북특별자치도 전주시 덕진구 권삼득로 390-1 연화정 연화정도서관은 이름에서 알 수... 연화정도서관은 한옥으로 지어져 있어요. 우리나라에서 가장 아름다운 한옥 도서관으로 그곳에 있는... 
55,전주 여행 1일차ㅣ덕진공원 야경 연화정도서관 주차장,https://blog.naver.com/chic_log/223628476818,건물이 연화정 도서관이에요 사진도 이쁘게 나오고 생각보다 사람이 많지않아서 이쁜사진 잔뜩 찍어왔습니다 책을 빌릴 수 있는건 곳은아니고 현장에서 도서하는것만 가능 도서관 내부는 운영 마감이여서... 
56,"[전북 전주] 연화정도서관에 눈이 내리면, 전주 덕진공원 설경",https://blog.naver.com/twinkia/223324625472,연화정이 있던 자리에 전통한옥으로 자리 잡은 연화정도서관 덕진호수 위에 있던 연화정을 전통한옥으로 재건축하여 전주에서 가장 아름다운 연화정도서관이 문을 열었다. 전주에는 많은 도서관이 있지만... 
57,♥️240113♥️전주 연화정 도서관 덕진공원,https://blog.naver.com/djguswnrptkd/223321692262,전주는 한옥마을만 있는 줄 알았는데 도서관투어도 있고 어린이박물관도 있고 전주동물원도 있고 넘넘 갈곳이 많고 매력이 많은 도시였다 날 따뜻하고 초록초록할 때 한번 더 올수 있길 #연화정도서관 #전주... 
58,전주여행 덕진공원 연화정 (도서관),https://blog.naver.com/myhearttj/223174176719,"전주여행 덕진공원 연화정 (도서관) 더울땐 여기로! 짧지만 알찬 전주여행의 마지막 코스 4세, 7세 아들 둘과 미친듯이 더운 요즘 당일치기로 다녀온 전주여행코스 전주어린이박물관(예약안해도 됨)... "
59,이색도서관 - 전주한옥마을 도서관 &amp; 전주덕진공원 연화정도서관,https://blog.naver.com/jeonjudeokjinpark/223613829402,"책 읽기 좋은 계절, 가을에 방문하면 좋은 전주 도서관 두 곳을 소개해드릴게요 ! 연화정 도서관 위치 : 전북특별자치도 전주시 덕진구 권삼득로 390-1 연화정 도서관 운영시간 : 10:00~19:00 / 매주 월요일 휴무... "
60,전주 연화정 도서관/ 숲놀이터 아이와 함께 즐기는 여행,https://blog.naver.com/ggfg3363/223622306928,작은 도서관입니다. 큰아이 작은아이 놀 기 좋아보여요^^// 살짝 어둑해져서 더 놀 수 없어 연화정 포토스팟에서 사진 한번 찍어주고~ 여기 진짜 너무 이쁘다 !! 연화정 도서관으로 가보았어요 디테일 하나하나... 
61,Kay's 일상 - 『전주 연화정 도서관』 을 다녀왔습니다!!,https://blog.naver.com/kkaykim/223615165875,위의 오른쪽에 있는 곳이 바로 연화정 도서관입니다. 저 같은 책덕후들은 도서관이 보이면 못 참죠? 그래서 바로 도서관으로 직진했습니다. 사실 여느 도서관처럼 책이 많지는 않습니다. 그러나 그림책부터 유명... 
62,이야기 코스_서학예술마을도서관+동문헌책도서관+연화정도서관,https://blog.naver.com/yestony/223413124800,전주도서관여행 :: 이야기 코스_서학예술마을도서관+동문헌책도서관+연화정도서관 # 240408 로이 10세 / 슈니 8세 https://lib.jeonju.go.kr/board/list.jeonju?boardId=BBS_0000054&amp;menuCd=DOM_000000104006002000&amp;searchStartDt=2024-05... 
63,전주 야경명소 덕진공원 연화정 도서관 주차 전주 데이트코스,https://blog.naver.com/daisy1505/223596855592,내 연화정을 함께 소개해 드리려고 합니다 전주 데이트코스로 좋은 여행지로 가볼까요 전주 덕진공원... 건너가면 연화정도서관이 나오는데 한옥 스타일의 멋진 건물이 도서관이랍니다 이곳을 배경으로 해서... 
64,책의 도시 전주 덕진공원 연화정도서관 휴무 주차장,https://blog.naver.com/kim_eyo/223403856630,"작은도서관 연화정이다. 한옥으로 지어진 도서관으로 덕진공원 산책하다가 쉬어가기 좋다. 전주시에서... 오른쪽에서는 연화정 도서관에 구비된 책도 읽고, 풍경 보면서 쉬기 좋은 곳. 운영시간을 책꽃 필 무렵... "
65,스페셜투어_첫마중길여행자도서관 + 팔복예술공장 + 연화정도서관,https://blog.naver.com/yestony/223564739785,"서학예술마을도서관-학산시집숲속도서관-완산도서관으로 투어가 이어졌는데, 애델레라 엄마는 연화정에서 집으로 돌아와서 너무 아쉬웠다. 작가님은 밤 10시에 기차타고 서울로 올라가신다고 연락이 왔다.... "
66,전주 여행코스 추천 +포토스팟 추천(덕진공원&amp;연화정도서관),https://blog.naver.com/jihyunclaire/223539806884,"덕진공원&amp;연화정공원 전주 포토스팟 추천, 한국의 지베르니(제 생각ㅋㅋ) 금남면옥에서 덕진공원까지... 이렇게 도서관이 보이게 찍는 것도 너무 예쁘더라구욤 연화정도서관 가면 무슨 오아시스처럼 여기에만... "
67,갬성 전주여행 1-2  덕진공원 [연화정도서관 +숲놀이터],https://blog.naver.com/dmsgml203/223331741561,자리잡은 연화정도서관에 들어가 보았어요 ! 도서관 안에는 낮은 좌식 책상들이 있고 (공부하시는분들 있음!!!) 간단한 차와 다과를 먹을수 있는 다과상이 옆에 있어요 ! 문옆에 있어서 상은 셀프:) 그앞에 마루가... 
68,전주 덕진공원 연화정도서관 찍고 카페한올까지 두번가도 좋아,https://blog.naver.com/kang6902/223228804915,작년에 왔을땐 휴관일이라 못가봤던 연화정 도서관. 이번엔 가볼수 있었어요. 너무 예뻐서 더 머물고... 잊을까 간략하게 남겨보는 포스팅. 전주덕진공원 - 연화정도서관 - 카페한올까지 몽땅 추천코스.
69,전주여행 전주덕진공원 연화교 연화정도서관 다녀온후기,https://blog.naver.com/ybs5275160/223600928481,연화정도서관 연화정 도서관은 전주시립도서관 직영 도서관으로 전주 덕진공원 안에 자리하였으며... 건축물이었던 연화정은 재건축의 과정을 거쳐 도서관으로 재단장 하게되었다. 새로 지은 연화정은 ㄱ자... 
70,☆당일여행-전주②;연화정 도서관☆,https://blog.naver.com/kbs9497/223114519072,"당일여행~전주② 연화정 도서관 2023.2.9.목요일 이 날 두번째로 들린 곳은 연화정 도서관이었다. 사실 전주를 오고 싶었던 것도 이 도서관을 꼭 보고 싶었기 때문인데., 몇 달 전부터 찜해둔 장소이기도 하다.... "
71,전주 도서관 여행 덕진공원 한옥도서관 : 연화정도서관,https://blog.naver.com/dud5342/223632416495,추천드려요 #전주여행 #전주도서관 #전주도서관여행 #도서관여행 #전국도서관 #도서관 #도서관추천 #예쁜도서관 #한옥도서관 #전주한옥도서관 #연화정도서관 #전주연화정도서관 #전주연화정 #연화정 #덕진공원... 
72,전주여행(feat. 덥민수) / 현대옥 / 덕진공원 / 연화정도서관,https://blog.naver.com/ladyj1226/223628055382,내가 전북대 학생이었으면 점심먹고 맨날 덕진공원 산책했을듯 그리고 덕진공원 호수 한가운데에는 '연화정도서관'이라는 한옥도서관이 있다! 연화정도서관 때문에 덕진공원에 간건가? 할 수도 있겠지만... 
73,"전주데이트코스 당일치기추천(연화정도서관, 가맥집... ",https://blog.naver.com/taratori/223602919190,"낮에는 도서관 밤에는 야경보기 좋은, 덕진공원과 연화정도서관 요즘 데이트하기 좋은 핫한 곳으로 유명한 곳이에요 덕진공원 안에 위치해 있어서 산책하다가 방문하기 좋은 곳이랍니다 낮에는 덕진공원을... "
74,전주여행  전주가볼만한곳 전주 덕진공원 연화정도서관 연꽃,https://blog.naver.com/juhyun9909/223214159830,아쉽지만 덕진공원을 떠나 전주비빔밥을 먹으러 고고~~ 연꽃이 활짝 피는 7월 중순에 꼭 방문하고 싶네요^^ #전주여행 #전주가볼만한곳 #전주덕진공원 #덕진공원연화정 #연화정도서관 #아름다운도서관... 
75,전북대 덕진공원 연화정 도서관-일기,https://blog.naver.com/jellypoly/223616655846,덕진공원과 그 안에 있는 연화정도서관이 아름답다는 건 익히 유명해서 알고있었다. 하지만 그게 우리 학교 쪽에 있는 줄도 몰랐기 때문에 깜짝 놀랐다. 경주의 동궁과 월지가 떠오르는 아름다운 공원 야경이다.... 
76,[전주 가볼만한 곳] 덕진공원 연화정도서관,https://blog.naver.com/toughzo/223100306682,도서관 옆에는 시원한 대청마루 방도 있어서 잠시 쉬었다 갈 수도 있었다. 이렇게 전주 덕진공원 산책과 연화정도서관 구경을 마무리한다. 전주에 온다면 한번 와 볼만한 곳이다. 당연히 무료 입장이니 부담... 
77,[체크인 챌린지] 전주 덕진공원&amp;연화정 도서관,https://blog.naver.com/meaning_54/223195113050,같았음 연화정 도서관 마당 넓다 넓어 그리고 더 예쁜 내부 도란도란~ 이런 도서관이라면 정말 자주 갈 듯 (과연?ㅎㅎ) 내부 진짜 예쁘게 잘 꾸며놨다 서울엔 이런 거 안 생기나... 책 읽으면서 이런 뷰라니 언젠가... 
78,"전주 힐링 데이트 장소 추천 ㅣ덕진공원,산책길,연화정 도서관",https://blog.naver.com/jeonjudeokjinpark/223615351943,여기서 반바퀴를 더 돌아서 전체를 걷기도 하고 가운데에 있는 다리를 건너 도서관으로 넘어가도 좋더라구요. 연화정 도서관으로 가는 다리에서는 연인들끼리 서로 사진도 찍어주며 행복한 시간을 보내고... 
79,전주 드라이브 코스 덕진공원 야경 주차장부터 연화정도서관까지,https://blog.naver.com/kkangyong0/223617202648,연못에 도서관이 반사돼서 너무 이쁩니다! 제가 간 시간은 8시 정도인데 딱 괜찮더라고요. 저녁 8시 추천드립니다. 연화교를 산책하면서 호수도 구경하고 사진 찍기도 좋더라고요. 03 연화정도서관... 
80,전주 덕진공원 야경이 멋진 연화정도서관,https://blog.naver.com/tjdkfhs/223262393173,전주 덕진공원 연화정도서관 지난여름 떵이와 처음 나섰던 밤 산책. 덕진공원을 그동안 수도 없이... 이른 육퇴를 잠시 기뻐하다가 10시에 눈이 뜬 떵이를 데리고 덕진공원 연화정도서관으로 야경을 보기 위해... 
81,전주여행 덕진공원 연화정도서관 야경,https://blog.naver.com/najihyeda80/223081701772,덕진공원 연화정도서관 야경 덕진공원 안으로 걸어들어가다보면 덕진호가 있고 그 위로 다리가 있는데요 중간쯤에 연화정도서관이 있어요 처음 방문했을 때도 겨울이라 연못에 연꽃 흔적만 있더라고요 5월에... 
82,"전주 야경명소 ✨ 덕진공원, 연화정 도서관, 기지제 수변공원",https://blog.naver.com/alstjsdl0831/223577652834,휴대폰 일반카메라로 찍었는데도 이렇게나 예쁩니다 아까 촬영한다는 곳이 여기인가봐요 (궁금궁금) 연화정도서관이랑 덕진공원은 이어져있대요 ! 도서관에서 이어지는 문으로 가면 덕진공원이 나와요 여기... 
83,[전주] 덕진공원 &amp; 연화정도서관,https://blog.naver.com/knh4437/223629495219,사진의 장소가 연화정 도서관입니다. 도서관에 가기 위해선 다리를 건너야 하는 모습이네요. 호수 주위에는 공원의 나무가 조성되어 있어 조용한 자연을 즐기실 수 있습니다. 꽃 사진의 장점은 생동감 있는... 
84,전주 덕진공원 연화정도서관 야경,https://blog.naver.com/missjang_7/223612587080,원래는 있었는데 유명한 연화정도서관이 없었던 거겠지??? 그냥 내가 몰랐을까....ㅋㅋ 멀리 보이는 연화정도서관은 한옥 형태로 지어진지 오래되어 보이지 않았다. 주변 공원과 아주 조화로웠음 엄청난 연꽃... 
85,전주 가볼만한 곳 가을에 가기 좋은 덕진공원과 연화정도서관... ,https://blog.naver.com/heritage-/223619551599,그럼 안녕~~ #덕진공원 #전주여행 #전주여행혼자 #혼자전주여행 #덕진공원도서관 #덕진공원맛집 #덕진공원카페 #연화정도서관 #연화교 #전주여행코스 #전주가볼만한곳 #전주아이와가볼만한곳 #전주여행데이트... 
86,전주 '연화정 도서관',https://blog.naver.com/nalsol0179/223581416284,"덕진공원안에 있는 연화정 도서관 주차장도 넓어서 주차걱정 안하셔도 됩니다 저는 평일에 방문했는데 주말은 사람이 많을지도 모르겠네요,, 주차 후에 저 다리를 건너면 도서관이 나와용! 주차비는... "
87,전주 덕진공원 연화정도서관 미디어 파사드 데이트코스 야경... ,https://blog.naver.com/easy_zero/223628554296,위치정보 연화정도서관 미디어파사드 &lt;연화정에 내린 별들의 이야기&gt; 끝날것 같지 않았던 무더위가 가고 선선한 바람이 불어오니 가족들과 산책도 하고 야경도 보고 싶었는데요! 요즘 미디어파사드가... 
88,[연향 가득한 연화정도서관],https://blog.naver.com/semusuri/223172178249,매번 문을 닫는 날에 연화정을 찾아서 오늘은 마음 먹고 찾았다. 헉~~ 깜짝놀랐다. 사람이 많다. 전주... 다음에는 온전히 놀이터 이용하기 위해 방문해야지. #캘리연습하기 #연화정도서관 #한옥카페도서관 #놀이터
89,전주여행 전주덕진공원 벚꽃 연화정도서관 전주가볼만한곳,https://blog.naver.com/fruit528/223058548141,같아요 연화정도서관 정말 최고네요 도서관 오면 제일 먼저 요리책 찾는 사람... ㅋ 얼마 전 서울에서 흥미롭게 봤던 전시회 외규장각 의궤의 귀환에 대한 책도 발견했네요 전주 도서관 여행 이젠 도서관도... 
90,덕진공원 연화정 도서관,https://blog.naver.com/oulung104/223578027611,그럼에도 불구하고 연못위에 한옥도서관이란 메리트가 있는.. 원래 내가 학교다닐때는 이 위치에 매점이 있었는데 ㅋㅋ 이렇게 고풍스럽고 아름다운 도서관으로 바뀌어서 넘 좋다. 옆건물에는 좌식으로... 
91,북캉스 연화정도서관 전주 여행 가볼만한곳,https://blog.naver.com/awloy/223549107073,"좌식테이블도 준비된 연화정도서관 도서관 옆에는 한옥마루에서 좌식으로 읽을 수 있는 공간도 있는데요, 한 숨 자고 싶을 정도로 시원하고 편안한 공간이더군요. 슬쩍 둘러보니 삼삼오오 둘러앉은 분들이... "
92,전주 덕진공원 밤에 가볼만한곳 연화정 도서관 주차,https://blog.naver.com/huniiyurii/223391151681,"전주 야경 명소 추천 밤에 가볼만한곳 _ 덕진공원 연화정 도서관 ⓒ사진, 글 후니유리 방문일 2024. 02. 23... 있는 연화정이란 도서관이 환한 조명으로 감싸 안으며 밤에만 볼 수 있는 최고의 볼거리를 선사해... "
93,전주 가을 가볼만한곳 덕진공원 / 연화정 도서관 주차장,https://blog.naver.com/sugarbia/223242283002,그래도 초록의 풍경 한옥으로 지어진 도서관까지~ 풍경이 꽤나 여유롭고 예뻤습니다. 전주 가을 가볼만한곳 / 연화정 도서관 안으로 들어가면 다양한 책들이 전시되어 있고 누구나 쉬어가며 책도 보고 쉼을 즐길... 
94,"덕진 공원, 연화정 도서관",https://blog.naver.com/the_life_traveler/223591807806,인생사진 명소로 손꼽히는 덕진 공원 내 특별한 도서관 입니다. 전북 전주시 덕진구 권삼득로 390-1 연화정 화~일 10:00 ~ 19:00 #연화정도서관 #책읽기좋은공간 #여행지같은도서관
95,전주 덕진공원 연화정도서관 _ 전주 가볼 만한 곳,https://blog.naver.com/liebekio/223183467075,그때는 연꽃은 지고 없겠지만 초록이들을 보는 재미도 괜찮을 것 같다 전주여행~~ 전주 가볼만 한 곳 #연화정 #연화도서관 #전주여행 #전주연화정도서관 #전주덕진공원 #덕진공원연꽃 #전주연화정... 
96,"전주 덕진공원 속 한옥 도서관, 연화정에서 즐기는 힐링 여행",https://blog.naver.com/bitnal_young/223608932020,전주 덕진공원 속 한옥 도서관 '연화정도서관' 전주 덕진공원 속 한옥 도서관 '연화정도서관'  도서관 정보  위치 전북특별자치도 전주시 덕진구 권삼득로390-1 연화정 영업시간 화~일 10:00 - 19:00 매주 월요일... 
97,"전주데이트 전주 덕진공원포토존, 연화정 도서관",https://blog.naver.com/byb0930/223616725150,코스로 꼭 추천합니다 #전주덕진공원 #전주덕진공원주차장 #덕진공원 #덕진공원연화교 #연화교 #덕진공원포토존 #전주연화정도서관 #전주도서관 #전주덕진공원산책 #전주산책 #전주여행 #전주데이트 #전주밤데이트
98,전주 가볼만한곳 - 전주 도서관 추천! 연화정도서관,https://blog.naver.com/jbgokr/222803242130,"책기둥도서관, 학산숲속시집도서관, 첫마중길여행자도서관, 다가여행자도서관, 연화정도서관, 전주시립도서관 꽃심, 금암도서관 이렇게 총 7개의 도서관이 코스별로 다양하게 구성되어 있습니다. 운영 기간은... "
99,덕진공원 연화정도서관! 전주덕진공원의 멋진 연화정 도서관!,https://blog.naver.com/jjs6662/222798407488,도서관 바로 앞쪽의 쉼터 공간으로 예전에 연화정 도서관이 생기기 전에는 팔각정의 연화정 편의점에서 아이스크림을 사가지고 와서 시원한 이 곳에서 아이스크림이나 음료를 먹었던 추억이 있는 곳이다.... 
100,전주 여행지 코스 가볼만한곳 덕진공원 연꽃 야경 연화정도서관... ,https://blog.naver.com/butterfly0724/223561805417,"전주 덕진공원 도서관 연화정도서관 입출구를 '책꽃 필(질) 무렵'으로 표시하고 있는데요, 전주... 덕진공원 도서관입니다. 그림책 작가들의 그룹인 &lt;바캉스 Vacance&gt;의 &lt;연화정에서 풀어보는 바캉스 이야기보따리... "
101,이비스스타일 전주 / 덕진공원 / 연화정도서관 / 진안휴게소(하),https://blog.naver.com/yunysfather/223608448744,"그 중 명물인 연화정도서관을 먼저 가보았다. 그런데 월요일, 공휴일은 휴일이라 내부는 들어가지 못했다. 주차장에서 연화정도서관을 지나 반대편까지 갔다. 연꽃이 엄청 많았는데, 꽃이 폈을 때 왔으면 참... "
102,"연꽃과 한옥의 매력에 빠지다, 전주 가볼 만한 곳, 연화정도서관",https://blog.naver.com/twinkia/222776576748,이곳은 덕진공원의 옛 연화정 건물이 있던 곳이다. 연화정도서관인 ‘ㄱ’자 형의 단층 건물로 도서관이 있는 연화당과 문화공간과 쉼터 등으로 쓰이는 연화루로 구성되어 있다. 도서관에는 한옥의 목구조인... 
103,전주 덕진공원 연꽃 7월 연꽃 개화시기 및 연화정도서관,https://blog.naver.com/daisy1505/223155790710,있는 연화정도서관 내부를 못 들어가서 아쉬웠는데 이번에는 들어가 봤어요~!! 밖에는 사람들이 없었는데 도서관 내부에 들어오니 여기에 다 모여서 책을 읽고 있었어요 내부가 정말 쾌적하고 마치 북카페에... 
104,한옥마을/전동성당/카카오프렌즈/고궁 비빔밥/연화정도서관,https://blog.naver.com/khjnetwork/222996854817,13:00 연화정도서관 13:40 남원 이동 15:00 김병종미술관 16:00 명문제과 16:30 스위트호텔 남원 체크인 18:00... 지난 6월에 개관한 신상 핫플(?) #연화정도서관 주변을 둘러싼 연못이 다 연꽃이라서 개화 시기인 7~8월에... 
105,"향어 맛집, 에덴수산 (+전주 야경 명소 덕진공원 연화정 도서관)",https://blog.naver.com/masmong0827/223632058919,길도 잘 만들어놔서 걸어다니기 무척 좋았고 연화정 도서관에서는 30분마다 이벤트? 형식으로 빛...? 뭐라고 해야하나 영상을 틀어주는데..!! 이거 시간이 맞으시다면 꼭 봐보세용 ㅎㅎ 도서관에 비춰지는 여러... 
106,3월 전주 덕진공원 연화정도서관 해 질 무렵 산책,https://blog.naver.com/hotelelena/223061667966,중간에 자리 잡고 있는 연화교와 연화정도서관입니다. 연화정 자체도 한옥의 미가 있지만 오래된 커다란 나무들이 건축물의 아름다움을 더해주는 것 같습니다. 도서관 입구에 있는 큰 나무가 인상적입니다.... 
107,전주덕진공원과 연화정도서관,https://blog.naver.com/cmh111300/223544277338,날이 더워서 연화정 도서관에 잠시 들렀어요 한옥으로 정말 잘 지어진 도서관이 참 맘에 들었고 공원안에 이런 멋진 도서관을 지을 생각을 했다는게 참 참신하다는 생각이 들었어요. 도서관 내부입니다. 날이... 
108,전주 덕진공원 포토존 가볼만한곳 연화정 도서관 전북 여행 추천,https://blog.naver.com/rn_food/223560050565,"금지 연화정 도서관을 이용할 경우 뚜껑있는 음료만 반입 가능합니다! 난간도 이용 금지예요. 도서관 안에는 사람들이 많이 있어서 사진을 찍지는 못했지만, 앉아서 핸드폰을 만지는 분들도 많이 계셨어요!... "
109,"[전주시] 덕진공원 연화정도서관 방문, 주차",https://blog.naver.com/bugkingus/223552177670,"도서관 앞에 딱지치기, 투호놀이도 있었어요 땡볕에서 한번 해보겠다고 ㅋㅋ 처음에 뭐지 싶었는데 영업시간 인듯해요 연화정 도서관 영업시간 화~일 10시 ~ 19시 도서관이 생각보다 깔끔하고 잘되있어서... "
110,전주] 2023 전주책쾌 _ 독립출판 북페어 &lt;연화정도서관&gt;,https://blog.naver.com/sk258789/223144544807,2 14:00-15:00 &lt;사전예약으로 진행되었고 남은 좌석에 따라 현장 참여도 가능합니다&gt; 연화정 도서관으로... 8시까지 진행되니 서두르세요!! &lt;이 게시글은 2023년 도서관 시민 홍보단 활동의 일환으로 작성되었습니다.&gt;
111,전주 여행 덕진공원 연중무휴 한옥 연화정 도서관 데이트코스,https://blog.naver.com/dkgus2012/223558193174,신나는 2박 3일 전주 여행을 위해 어떤 관광지 가볼까~ 탐색하다가 한옥 도서관이 있다고 해서 바로... 저 멀리 보이는 곳은 연화정 도서관! 연화정 도서관이 궁금해서 방문한 이유가 제일 크긴 하지만 다른... 
112,지금은 출장 중 | 전주 연화정 도서관에서,https://blog.naver.com/wistruth/223556969383,미팅을 잘 마치고 기차 시간이 조금 남아 연화정 도서관에 들러 책 한 권을 읽었다. 여기 정말 좋다. 도서관 안에서 바라보는 덕진호의 풍경이 무척 아름답다. 연꽃은 이제 거의 끝물이어서 많이 시들었지만... 
113,여행/ 추천하는 덕진공원/ 전주 가볼만한 곳/ 연화정 도서관,https://blog.naver.com/jvictory0129/223608620332,#전주덕진공원 #전주2박3일여행 #전주가볼만한곳 #덕진공원 #연화정도서관 2022년 10월 처음 전주여행... 다리가 아프다는 엄마는 벤치에서 쉬게 해드리고 다리 건너 '연화정 도서관'으로 다리를 건너 가보았다.... 
114,전주 덕진공원 연화정 도서관 하계 연장 운영,https://blog.naver.com/jeonjudeokjinpark/223542233812,전주 덕진공원 연화정 도서관 하계 연장 운영 평일 (화 - 금 ) 10:00- 21:00 주말 (토-일) 10:00 -19:00 연화정 도서관 가는 길 덕진공원 입구에서 쭉 들어가다보면 연못길이 나옵니다. 전주 덕진공원하면 연꽃 명소로... 
115,[전주 명소]덕진공원&amp;연화정도서관,https://blog.naver.com/nimp1223/222869629746,"산책 코스로는 너무 딱이였고, 한옥으로 되어 있어 되게 정겨웠고 탁트인 도서관에 책이 많지 않은 대신에 조용하고 책읽기에도 좋고 사색을 즐기기에 좋았습니다. 직원분 말에 의하면 연화정도서관은 6월... "
116,[전주] 덕진공원 - 연화정 도서관 + 야호맘껏숲놀이터,https://blog.naver.com/shop01/223101810610,#덕진공원 #연화정도서관 #숲놀이터 #야호맘껏숲놀이터 전주에서 가장 먼저 들렀던 덕진공원입니다.... 멋진 도서관이 있다고 해서 왔어요. 입구도 고즈넉하죠. 안내판을 읽어보니 단오물맞이 명소로 오랜기간... 
117,덕진공원 연화정도서관 다녀왔어요.,https://blog.naver.com/beenhouse35/222951238475,덕진공원 연화정 도서관은 월요일은 쉬고요. 화~ 일~ 10시 오픈! 오후 7시 닫습니다. 그런데 전통건물에 맞게 표현되어 있어요. 책꽃 필 무렵 10:00 책꽃 질 무렵 19:00 이런 배려!!!! 덕진공원 연화정은 도서관이다... 
118,덕진공원 연화정 도서관 – 이북 리더기와 함께 한 힐링 독서!,https://blog.naver.com/m730328/223632456126,연화정 도서관 – 전주의 감성을 담은 한옥 도서관 도서관은 공원 한가운데 있는 연화정에 자리 잡고 있어요. 다리를 건너면 가운데에 위치하고 있답니다 ^^ 연화정 도서관은 한옥스러운 외관이 전주와 완벽하게... 
119,"산책과 독서의 기대 이상의 힐링, 전주 덕진공원 &amp; 연화정 도서관",https://blog.naver.com/warmspeech3/223201175125,"덕진공원 중앙에 있는 연화정 도서관의 모습입니다. 도서관은 무료로 개방하며(10-19) 입장료 등은 따로 없어요. 내부에는 책들이 일부 있고요, 앉아서 읽을 수 있는 공간이 있습니다. 책이 많은 것은 아니지만... "
120,전주여행 한옥마을 덕진공원 내 연화정도서관 한옥도서관... ,https://blog.naver.com/iwjlsm/223604314727,어느새 연화정 도서관이 가까워집니다 전주다운 깔끔한 이미지의 이색적인 #한옥도서관 입니다 분위기가 전주 한옥마을 의 #전라감영 과 #한옥마을도서관 을 봤을 때의 느낌과 비슷했어요 사진의 중앙 통로를... 
121,산책하기 덕진연꽃 한옥도서관 연화정도서관 야경 멋진 곳,https://blog.naver.com/iwjlsm/223603062211,한옥도서관인 &lt;연화정 도서관&gt;이 자리하고 있어요 도서관 이야기는 마지막 여정으로 남겨두고 낮과 밤의 덕진공원을 이야기 할게요 우선 낮부터요 ㅎ #덕진공원 은 전주 덕진호 일대의 유원지로 시민공원... 
122,전주덕진공원 연화정도서관 정말 좋아 보인다^^ 와 이쁘고... ,https://blog.naver.com/dejdkim/223258654464,"특히, 연화정도서관은 우리의 전통이 잘 드러나 있고, 정말 이쁘고 멋있었다~~ 덕진공원에 아주 잘 갔다는 생각이 들었다ㅎㅎㅎ 구경하러 돌아다녀야지~~ 나는 핸드폰을 들고 연화정도서관의 모습을 많이 담았다.... "
123,"전주 여행 : 덕진공원에서 즐기는 야경, 연화정 도서관 야간... ",https://blog.naver.com/nimmo_/223593605519,"저 건물이 뭘까 궁금했는데 바로 도서관이었어요! 연화정 도서관, 이 곳에서 책을 읽는다면,, 너무 낭만 가득한 공간이에요.. 실제로 전주대학교 학생들로 보이는 유학생들이 호수 주변에 많이 앉아있었는데요... "
124,[전주여행] 덕진호 연화정도서관,https://blog.naver.com/realizehappy/222971481108,이럴수가 다리 위로 이렇게 한옥으로 된 도서관이 지어져있었다. 연화정 도서관! 꽤 크고 수업을 진행하는 곳도 있었다. 방문객들이 마루에서 쉬어갈 수 있도록 개방해 놓아서 편했다. 하지만 굳이 일부러... 
125,전주 덕진공원 연화정 도서관 여행 가볼만한곳,https://blog.naver.com/s600105/223052008461,⊙여행일 : 2023년 3월 10일 전주 덕진공원 전북 전주시 덕진구 권삼득로 390-1.연화정 24시간 운영... 한옥 형태의 도서관. 연화정도서관. 조심히 신 벗고 들어가 보았어요. 방해되면 안 되니까요. 얼마 만의 도서관... 
126,"전주 덕진공원 연꽃 &amp; 연화정도서관, 전북대 인생샷 데이트... ",https://blog.naver.com/soje1234/223152407831,"한옥도서관인 연화정도서관까지 제대로 구경하고 왔는데유  덕진호는 속초 영랑호, 청초호처럼 도심에 위치한 아름다운 호수 공원이더라고요 ! 엄청 더운 날이라 멀리 주차해야 할까 걱정했는데 다행히 공원 내... "
127,아름다운 호수 위 한옥 도서관 _ 덕진공원 연화정도서관,https://blog.naver.com/ctgirl66/223599139910,실제로 여기서 사진도 잔뜩 찍기도 했고 남자친구랑 함께 돌아다니며 행복했던 기억이 오래도록 남을 것 같다. #전주 #덕진 #덕진공원 #연화정 #도서관 #연화정도서관
128,연화정 도서관 전주 아이와 함께 주말 나들이 너무 좋았어요!,https://blog.naver.com/choichokk/223098276891,거북 목이네여....ㅋㅋㅋㅋ 반짝 반짝 예쁜 봄의 전주 나들이 명소 덕진공원 연화정 도서관.ㅎ 전주 아이랑 주말 나들이 명소 연화정 도서관으로 들어가 봅니다. 도서관 규모가 엄청 큰건 아니에요.ㅎ 공원 안에... 
129,여행 덕진공원 연화정 도서관 '은은한 저녁 빛 밝힌 한옥 도서관’,https://blog.naver.com/minderella55/223149864025,한옥마을을 둘러보고 해 질 무렵 찾은 덕진공원의 연화정 도서관. 한옥 도서관의 외관도 멋지지만 따뜻한 조명을 켠 실내는 참 아늑하고 좋았다. 덕진공원 주차장을 검색해서 찾아가니 바로 건너편에 연화정... 
130,전주 덕진공원 연화정도서관 연꽃 연못에 둘러싸인 한옥 도서관,https://blog.naver.com/locew91/223543864593,"도서관이에요- 연화정도서관은 ㄱ자 형태의 단층 건물로, 오른쪽은 도서관 공간인 연화당, 왼쪽은 쉼터 역할을 하는 연화루가 자리 잡고 있어요. 연화정 운영 시간은 오전 10시부터 오후 7시까지고, 휴관일은... "
131,[전주 가볼만한곳] 전주 덕진공원 연꽃 군락지 연화정 도서관,https://blog.naver.com/ckthwjd1/223534856604,같더라구요 ▪️연화정 도서관▪️ 전주시립도서관 직영 도서관으로 전주 덕진공원 안에 자리하였으며 2022년 6월 개관하였으며 덕진공원 연못 한가운데 한옥으로 지어진 연화정도서관은 아름다운 외관과... 
132,덕진공원 연화정 도서관,https://blog.naver.com/sielles/222848042572,"밖에서 보내는 시간만을 생각해 옷을 너무 가볍게 입고 왔더니, 냉방이 세서 오래 머무르기도 힘들었다. 연꽃이 지면 평일에 다시 찾아 차분하게 책을 읽다가 오고 싶다. #덕진공원 #작은도서관 #연화정도서관"
133,덕진구 덕진동 산책하기 좋은 공원 '덕진공원'&amp;'연화정도서관',https://blog.naver.com/wlsl0466_/223620254603,너무좋아 연화정 도서관 들어가는길에 있는 엄청 큰 나무 나 왜 나무 좋아하즹? 낮에가서 볼 수 있었던... 많더라구용 연화정 뒷편으로 오면 한옥풍으로 되어있는 도서관이 호수와 너무 잘 어울려 있어요 그냥 겉... 
134,[도서관/서점] 연화정 도서관,https://blog.naver.com/hedgehog12h/222948067470,"전주 전주의 작은도서관이자 한옥도서관. 연화정도서관에 다녀왔다. 전주 여행의 첫번째 방문지 :) 덕진공원 주차장에 주차하고 공원 입구로 가면 바로 보이는 풍경. 연꽃이 필 때 오면 다리 아래로, 도서관... "
135,연화정도서관(전주덕진공원),https://blog.naver.com/2nstory/222761268406,덕진공원 연화교와 연화정 공사를 한참 했었다. 오래된 다리 연화교 안전 문제로 시작 되었을 공사가... #전주덕진공원 #전주연화정도서관 #전주한옥도서관 #전주도서관여행 #연화정도서관 #전주여행... 
136,#전주 #연화정도서관 #할머니의이불장 #그림책전시,https://blog.naver.com/kidaribook/223499703907,전주에는 특색 있는 도서관들이 많이 있습니다. 그중 &lt;연화정 도서관&gt;은 연못 풍경과 어우러진 한옥 도서관으로 많은 사람들에게 사랑받는 공간입니다. https://korean.visitkorea.or.kr/detail/ms_detail.do?... 
137,전주 덕진공원 연화교 연화정도서관 전주 당일치기 여행... ,https://blog.naver.com/no1cye/223068531754,연화교 중간 즈음에는 연화정도서관이 있다. 전주도서관에서 운영하는 연화정도서관은 월요일은 휴무.... 덕진공원 주소: 전북 전주시 덕진구 권삼득로 390-1 연화정 #덕진공원 #연화정 #전주가볼만한곳... 
138,[전주도서관투어2] 덕진공원 연꽃 도서관 / 연화정도서관,https://blog.naver.com/divb27/222941525475,"위치: 전주덕진공원 근처 운영시간: 10:00~17:00 (월요일 휴무) 특징: 아름다운 연꽃과 한옥 스타일을 느낄 수 있는 도서관 안녕하세요 :) 오늘은 전주도서관 투어, 두번째 도서관! 연화정도서관을 소개합니다. 원래... "
139,전주 덕진공원의 연꽃과  연화정도서관,https://blog.naver.com/syj08027/223502575766,"27(토) 15:00~17:00 장소 : 연화정도서관 연화루 대상 : 일반시민 30명 내용 : 할머니의 이불장 작업과정 및 궁중회화, 민화, 나전칠기 기법소개 접수 : 전주시립도서관 누리집 문 의 : 연화정도서관 063) 714-3527 연못... "
140,"책의 도시 전주 도서관 여행 (한옥마을 도서관, 연화정 도서관)",https://blog.naver.com/dibrary1004/223126798329,"그럼 지금부터 전주 도서관 여행과 한옥마을 도서관, 연화정 도서관에 대해 소개해드리겠습니다. 책의 도시 전주, 전주 도서관 여행 &lt;사진 1. 전주 도서관 여행 포스터(출처: 전주시립도서관 보도자료)... "
141,전주 덕진공원 연화정 도서관 인생샷 명소 가볼만한곳 추천,https://blog.naver.com/realjaekyo/223089855877,인생샷 명소 안내판에도 &quot;사진명소&quot;라고 소개 된 인생샷 명소는 연화정 도서관 가는 연화교 시작점에 있어요. 연화교 연화교를 건너 도서관 쪽으로 건너가 봅니다. 원래는 걸을때마다 출렁이는 철로 만들어진... 
142,덕진공원 _ 연화정 도서관,https://blog.naver.com/hikeshin/222772891053,"웅장한 자태의 도서관의 모습을 보니, 기분이 참 묘하고도 뿌듯했습니다 ~ 도서관 내 편안한 휴식처, 다양한 분야의 책들에 많은 사람들이 쉬고 독서하는 모습을 감상할 수 있었습니다. 연화정 도서관은 매주... "
143,전주여행 덕진공원 야경이 아름다운 연화정도서관,https://blog.naver.com/pearlwater/222919714072,멋지다 연화정도서관 입구 이런곳에서 공부하면 공부도 잘될듯 사진 명소가 따로 있다 이안에서 찍으면 액자 속에 들어간 듯 설정 사진 찍기 도서관을 중심으로 연못 한 바퀴 돌아보기 밤에 연잎들은 좀 무섭다... 
144,전주 덕진공원  연화정 도서관,https://blog.naver.com/yangklee/223354199793,"쉬어가며 혼불 독서삼매경에 빠진다 예쁜 전주도서관여행이다 2024.2 덕진호수공원 연화정도서관,포토존 아름다운 전주도서관 연화정 연화정 전주도서관 토지 최명희 혼불 ,혼불 독서 삼매경의 즐거움 힐링시간"
145,"전주 덕진공원 연꽃 연화정도서관 산책로, 공사 중이라 아쉬운... ",https://blog.naver.com/susutrip/223530415465,전주 연화정도서관 운영시간: 10시 ~ 19시 매주 월요일 및 공휴일 휴무 입장료 없음 연못 한 가운데에 한옥으로 지어진 도서관이라니 이쁘지 않을 수가 없겠죠? 연못을 메우는 연꽃과 함께 더욱 아름다웠던 전주... 
146,새 단장한 덕진공원 가봤다. +연화정도서관,https://blog.naver.com/tonygony/222854213971,외부로 빌려갈 수는 없고 연화정도서관 내부에서만 읽도록 되어있음. 컴퓨터를 쓸 수 있는 좌석도 마련되어있음. 이 사진 너무 예쁘다. 햇빛 찬란~! 도서관 내부 천장도 찍어봄. 오른쪽 앉아있으신분이... 
147,전주 덕진공원 연화정 한옥도서관 좋으다~♡,https://blog.naver.com/littleria82/222757023689,드.디.어 연화정 한옥도서관이 오픈해서 개관식을 한다고~ 같이 도서관 개관식 가보자고~~ 초대장을... 나는 연화정도서관 내부를 좀 더 둘러보며 연꽃피는 여름날~ 아이들이랑 꼭 방문해야겠다 생각했다. 사실... 
148,눈 내리는 날에 찾은 전주덕진공원! 연화정 도서관!,https://blog.naver.com/jjs6662/222967054895,"드디어 연화정 도서관에 도착한다. 도서관 앞쪽에는 작은 쉼터가 있는데, 커다란 나무들이 있어 무더운 여름철에는 시원한 그늘을 제공하여 많은 사람들의 사랑을 받고 있는 곳이다. 연화정도서관 앞 쪽... "
149,"(전북 전주) 덕진공원, 연꽃, 연화정도서관, 주차, 전주여행",https://blog.naver.com/3relab/223532667819,"예쁩니다 연화정 도서관 들어서는 입구 와우 이거 멋지군요 넓직한 마당과 근사한 한옥 도서관 등장 시원한 에어컨 바람이 부르는 구나 문여는 시간을 책꽃 필무렵, 닫는 시간을 책꽃 질 무렵 화~일 10시부터... "
150,전주 덕진공원 연화정도서관 연꽃 산책로 갈만한곳,https://blog.naver.com/daliy_pupu/223493617322,향했습니다 연화정 도서관 한옥 도서관으로 물 위에 떠 있는 느낌의 도서관이었는데 도서관 쪽 연못에 물이 다 빠진 상태라 살짝 아쉽긴 했습니다! 전주라는 도시와 매우 잘 어울리는 아름다운 한옥 도서관... 
151,"전주여행 [ 덕진공원, 연화정도서관 ]",https://blog.naver.com/skygreen6/223563147564,ㅋㅋㅋㅋㅋㅋㅋㅋㅋㅋ 드디어 도착한 연화정도서관 도서관 입구부터 넘흐 예쁘다!! 우리나라 도서관도... (연중무휴) 연화정도서관 전북 전주시 덕진구 권삼득로 390-1 연화정 매일 10:00 - 19:00 (월요일휴무)... 
152,전주 덕진공원 도서관 연화정 주차정보 아이랑 독서타임,https://blog.naver.com/book79_/223612061562,지난번에 리뷰했던 어린이창의체험관과 가까우니 한 번쯤 들러도 좋은 곳이에요!! #전주덕진공원 #전주덕진공원연꽃 #연화정도서관 #전주연화정 #덕진공원맛집 #전주맛집 #전주여행 #전주동물원 #전주도서관여행
153,전주도서관여행 : 연화정도서관 - 다가여행자도서관... ,https://blog.naver.com/uzkis/223247908344,&lt;전체 일정&gt; 9시 출발 → 연화정도서관(30분) → 중식 (비빔밥과 떡갈비) → 다가여행자도서관(30분) → 동문헌책도서관(30분) → 서학예술마을도서관 → 5시 30분 도착 1. 연화정 도서관 (개관 2022.06.03.) 버스에서... 
154,전주 여행코스 추천 덕진공원 연꽃 연화정도서관,https://blog.naver.com/dmswls4808/223535403026,요즘 해외여행을 너무 자주가서 한국의 맛을 오랜만에 느끼니 역시~한국 최고다~싶기도 했구요 ㅎㅎㅎ 이 도서관은 모르고 왔었는데 너무 좋아서 기쁜 마음으로 돌아보고 나왔답니다! 연화정 도서관을 나와... 
155,"내마음 속 덕진공원 연화정, 그리고 연화정 도서관",https://blog.naver.com/heo3167/222818188483,"긴 세월을 덕진공원의 출렁다리와 연화정을 담고 살았는데, 이제는 도서관여행이 있을 때마다 연화정 도서관을 투어를 하게 되었어요. 다른 사람에게는 아름다운 공원이고 예쁜 도서관이겠지만, 내게는... "
156,전주 가볼만한곳 포토존 덕진공원 도서관 연화정,https://blog.naver.com/ksjkyj66/223489179921,산책으로도 좋치만 여기는 뷰도 예쁘고 한옥도서관까지 완비되어있는 쉼터라고 할수있어요... ᯓᡣ #전주연화정 #전주덕진공원 #전주가볼만한곳 #전주연화정도서관 #전주포토스팟 #덕진공원... 
157,전주가볼만한곳]덕진공원 연못안에 연화정도서관 / 한옥카페 한올,https://blog.naver.com/je2579/223011685845,급으로 아무 계획 없이 갔지만 알차게 놀다 왔다 연꽃 있을 때 다시 와야지 덕진공원~~ 해지는것도 이쁘네~ 또봐 #전주가볼만한곳 #전주한옥 #덕진공원 #카페한올 #한옥카페 #전주도서관 #연화정도서관 #전주카페
158,&lt;덕진공원 연화정 도서관 그리고 국립전주박물관&gt;,https://blog.naver.com/jeonjudeokjinpark/223570726203,"그것도 아름다운 한옥으로 지어진 도서관이 말이죠~ &lt;연화정 도서관&gt; 주소 : 전북특별자치도 전주시 덕진구 권삼득로 390-1 운영 시간 : 화~일 From 10:00 a.m. To 19:00 p.m. ※ 매주 월요일, 법정 공휴일 휴무!... "
159,저녁 덕진 공원. 연화정도서관,https://blog.naver.com/upearl1005/223592119273,주차하고 입구쪽에서 바라본 연화교와 연화정 야경. 덕진공원 내 연화정 도서관은 언제 봐도 뭔가 따뜻한 느낌을 줘서 예쁘다. 연화교와 도서관의 조명을 참 예쁘게 디자인 한 것 같다. 외국인이 보면 참... 
160,[전주덕진공원 연화정도서관],https://blog.naver.com/phk4982/222765380167,#전주도서관 #연화정도서관 에서 책멍 #전주가볼만한곳 #전주덕진공원 #전주근교카페 #전주디져트카페 #아중리카페 #전주맛집 #전주수목원 #전주국립박물관 #전북 국립무형유산원 #전주한옥마을
161,한국의 아름다움을 담은 전주 연화정 도서관,https://blog.naver.com/shinydays22/223592976674,도서관이 또 있긴 한 걸까? 겨울과 다른 점은 바로 연꽃이 피어있다는 것이다. 연꽃이 필 시기가 조금 지났지만 그래도 많이 남아있었다. 연화정이라는 이름과 정말 잘 어울리는 풍경이다. 연화정 도서관으로... 
162,전주 대표공원인 덕진공원과 연화정도서관,https://blog.naver.com/hj4179012/223477860968,한옥으로 된 예쁜 도서관이네요. 연화정도서관 오픈시간 화~일요일 10:00-19:00 월요일은 정기휴무랍니다. 오픈시간과 폐장을 알리는 글귀가 예쁘네요. 큰편은 아니지만 한옥이라 그런가 운치가 있었으며 책을... 
163,전주 가볼만한곳 덕진공원 연화정 도서관 연꽃 야경 야간... ,https://blog.naver.com/realjaekyo/223144542792,"전주 가볼만한곳 찾으신다면 덕진공원 연화정 도서관 주변 연꽃, 연잎과 야경 보면서 야간 데이트 코스... 분위기의 연화정 도서관 그리고 연꽃 그리고 차분한 불빛이 만들어내는 야경, 이게 너무 예쁘거든요... "
164,"연꽃과 함께 한 전주 여행 - 덕진공원, 연화정도서관, 금암도서관",https://blog.naver.com/me_okayy/223540913090,여름에 전주를 간다면 무조건 여기는 가보시라 추천합니당 연화정도서관 덕진공원의 한 가운데 호수에 떠있는 연화정. 그곳에 도서관이 있다고 해서 일부러 더 덕진공원을 방문했었다. 입추가 가까워졌다고... 
165,귀거래사(歸去來辭)ᆞ116 ㅡ 전주 덕진공원 연화정 도서관,https://blog.naver.com/simwoojae60/223516170470,"전주에 갔다가 귀로에 들른 덕진공원, 공원 안에 있는 연화정 도서관. 도서관 내부 백제 관련 도서 백자에 연꽃 연화정 도서관은 필자가 제주살이를 하던 2022년에 완공했기에 내부는 오늘 처음 들어가 보았다.... "
166,"[전주여행] 전주 덕진공원, 연화정 도서관",https://blog.naver.com/koreakm1106/222806208679,전임시장이 동네마다 도서관들을 테마에 맞게 설립하여 지역주민은 물론 관광객들도 이용할 수 있도록 만들어 놓았는데 그 도서관 중 하나가 연화정 도서관입니다. 덕진공원에 새로운 명소가 생겨서 많은... 
167,전주 피크닉 덕진공원 연화정 도서관 연꽃구경하러,https://blog.naver.com/whgusdn1588/222875870122,연화교를 건너면 바로 보이는 곳이 연화정 도서관인데요 ! 높은 계단을 올라가면 바로 도서관을 들어갈 수 있습니다. 연화교 도서관은 정말 건물 자체가 깨끗하고 좋더라구요. 시간이 된다면 조용한 시간을 보낼... 
168,"전주 뚜벅이 여행 2일차 | 가정식백반, 덕진공원, 연화정도서관... ",https://blog.naver.com/sunbeeem/223592675427,240831 (토) 2일차 일정 가정식 백반 - 덕진공원 - 연화정도서관 - 올드컴퍼니빈티지 - 빈티지플러스... 리필 되니까 더 먹으라고 하고 계속 챙겨주셔서 쫌 풀림 먹고 덕진공원 연화정 도서관으로~ 연화정 도서관... 
169,전주 갈만한 곳 전주 여행일정 추천 연화정도서관 (포토스팟),https://blog.naver.com/jeongee924/223571969801,&gt;.&lt; 전주 갈만한 곳 여행일정 추천 연화정 도서관 (feat. 덕진공원) 전북 전주시 덕진구 권삼득로 390-1... ㅎ_ㅎ 어디 앉아서 조금 쉬고싶었는데 이렇게 책들이 있는 메인 도서관자리는 꽉 찼었습니다.. 근데 옆에... 
170,"덕진공원 포토존전주 덕진공원 연화정도서관, 전주 노을 맛집",https://blog.naver.com/kwiee12861/223209604444,"한옥도서관이 나와요 #연화정도서관 때마침 노을타임이어서 더 예뻤던 전주 연화정 도서관 호수 한가운데 있는 한옥 도서관이었어요 신발을 벗고 대부분 어린아이들이 책도 보고, 그림도 그리며 시간을 보내고... "
171,전주 가볼 만한 곳 덕진공원 연꽃 문화축제 연화정 도서관 포토존,https://blog.naver.com/himongmi/223528266190,아쉽다 연화정 도서관은 전주 시립도서관 직영이라고 하는데 한옥스타일로 너무 예쁘게 만들어 둠 입구부터 포토존 아니야? 꾸미고 왔으면 사진 왕창 찍었을 텐데 일어나자마자 모자 쓰고 나온 상태였음 10시에... 
172,가볼만한곳 덕진공원과 연화정도서관 I 연꽃명소 한옥도서관,https://blog.naver.com/jlovehoiks/222855686158,"옛 연화정건물을 재건축한 곳입니다. 연화정도서관 입구 전주에 있는 도서관 중 한곳입니다. (토요일엔 예약한 사람들에 한해, 다른 도서관까지 투어하는 프로그램도 있는 것 같았어요~ 혹 필요하시다면... "
173,덕진공원 내 아름다운 도서관. 고즈넉함이 좋은 연화정도서관,https://blog.naver.com/ydy7405/222937529311,연화정도서관 연화정도서관은 덕진공원 안에 위치한 전주도서관! 연화교를 건너 연화정도서관을 향해 가본다. 연화교를 건너자마자 보이는 연화정도서관 입구 풍경이 너무 멋진 곳이다. 주변 경관이 멋져서... 
174,덕진공원에서 시원함과 여유를 느끼기에 좋은 연화정도서관,https://blog.naver.com/jeonjudeokjinpark/223529401805,있는 도서관으로 최근 도서관여행지로 주목을 받고 있는 곳입니다. 새로 지은 연화정은 ㄱ자 형태의... 연화정도서관은 도서관의 탈을 쓴 한옥카페 같은 모습입니다. 물론 책은 곳곳에 자리하고 있으며 다양한... 
175,"전주산책로 덕진공원, 연화정도서관 다녀왔어요~",https://blog.naver.com/jeyul_story/222870122282,평화롭게 둥실둥실 떠다니며 움직이는 오리들도 참 귀여웠어요:) 연화정도서관 영업시간 : 오전 10시 ~ 오후 7시 (월요일 휴무) 전화번호 : 063-714-3527 그리고 요즘 핫하다는 연화정도서관도 다녀오게 되었는데요!... 
176,전주여행 연화정도서관,https://blog.naver.com/sammyroad/222861208490,낭자의 한국여행기 전주 연꽃밭 안의 도서관 전주얼티밋뮤직페스티벌을 보러 전주를 다녀왔습니다.... 연화정도서관 도착하자마자 시원하게 자리잡은 한옥 건물에게 폭 빠져버리고 말았습니다. 나름 이런... 
177,"가장 한국적인 도서관, 연화정 도서관",https://blog.naver.com/jeonjudeokjinpark/223462111089,덕진공원의 연화정 도서관은 대출이 되지 않는 도서관이기에 도서관 운영 시간 동안에 독서를 해줘야 하는데요. 연화정도서관 운영 정보를 알려드립니다. 화요일 ~ 일요일 (매주 월요일 휴관) 10:00 ~19:00 전주시의... 
178,작가 만남: 바캉스 프로젝트 소윤경&amp;이명애 작가/ 연화정 도서관,https://blog.naver.com/naesu12/222967804987,"#바캉스프로젝트 #소윤경_이명애 작가님 #보따리토크쑈 #우렁각시와춤추세 #1217 #전주 #연화정도서관... 그 동네가 아니어서 다행이다 싶었다. 야경도, 눈 쌓인 모습도 예쁜 연화정 도서관을 두 번이나 다녀오다니!"
179,"야경명소, 산책하기 좋은 데이트코스 추천 (ft. 연화정도서관)",https://blog.naver.com/jiny1445/222973112060,전주덕진공원 주소: 전북 전주시 덕진구 권삼득로 390-1 연화정 운영시간: 매일 00:00~24:00 입장료 : 무료... 다가여행자도서관 5. 연화정도서관 밤 야경이 아름다워 연인과 데이트 코스로 추천드리는 덕진공원... 
180,"전주 아이와 가볼만한곳, 덕진공원 연화정 도서관",https://blog.naver.com/outfjqj119/222765903180,가까이에 가니 소리가 넘 커서 놀랐는지 무섭다고 도망 다니기 바빴던 4세 옛 연화정 건물이 한옥으로 재 건축 되어 한국의 멋이 담긴 도서관으로 재 탄생 전주 연화정 도서관 연화정 앞 그늘에 자리잡아..... 
181,전주 가볼만한곳 덕진공원 연화정도서관 당일치기 여행 코스,https://blog.naver.com/rltjru/222857084998,"없었네요,,ㅋㅋ 연화정 도서관은 무료로 개방되는 도서관이에요 6월에 새로 오픈한 것 같던데 전주 시민의 쉼터 같은 느낌? ㅎㅎ 연화정 도서관은 화요일~일요일 오전 10시부터 오후 7시까지 개방하고 매주... "
182,전주 가볼만한곳 덕진공원 연화정도서관 야호맘껏놀이터 전주... ,https://blog.naver.com/sweety0826/223614308206,"연화정도서관 운영시간: 화-일 10:00~19:00 책을 볼 수 있는 다양한 자리 공간이 있고, 창밖의 풍경이 한폭의 그림같은 멋스러운 한옥 도서관입니다. 야호 맘껏 숲놀이터 자연친화적인 놀이터. 트리하우스... "
183,전주 덕진공원 연화정 도서관,https://blog.naver.com/seo0995seo/223528340960,물장구 연화정 도서관 한옥 도서관 박완서 작가 작품모음 읽어보고 싶은 책도 있고 유튜브에서 들은 책도 있었다 (토지를 읽다 멈춤 드라마로본게 다임 내용은 알고 있지만 읽고 싶었다...) 세상에서 예쁜것 책... 
184,"전주 여행, 전주 가볼만한 곳｜여름 여행지 추천 &quot;연화정도서관... ",https://blog.naver.com/hwung_travel/223144274580,"390-1 연화정 주차 무료, 입장료도 무료! 주차 자리가 없어서 조금 힘들었는데 뱅뱅 돌다 보니 운 좋게... ㅠㅠ 덕진호 한가운데 한옥으로 지어진 연화정도서관 도서관은 사진 왼쪽에 보이는 연화교를... "
185,전주 덕진공원 연꽃 그리고 연화정 도서관,https://blog.naver.com/jinslovejin/222841994653,어여쁜 도서관에서 시원하게 만화책을 봤습니다. 주차가 무료입니다. 아침에는 선선해서 아이들하고... 공원 한가운데 있는 연화정 도서관입니다. 전주의 분위기가 물씬 풍기는 한옥입니다. 2022년 4월에... 
186,전주 일몰 맛집 전주덕진공원 연화정 도서관 전주 연꽃 명소... ,https://blog.naver.com/yungvely89/223060679496,"시간 여유되시는 분들은 꼭 도서관도 둘러보고 오세요! 연화정 도서관을 들어가보지 못해서 자세히... 물들어가며 변하는 하늘색도 정말 사랑이었고요, 그냥 다 좋았습니다 흐으..♥♥♥ 연화정으로 가는 돌다리... "
187,작가 만남: 바캉스 프로젝트 조오&amp;강혜숙 작가/ 연화정 도서관,https://blog.naver.com/naesu12/222947259537,앞에 보이는 곳이 도서관이다. 공원 중앙에 있는 연화정도서관. 산책도 하고 책도 보고. 너무 멋지다!... 겨울 모습을 하고 있는 연화정에 조명이 켜져 예뻤다. 전시되었던 도서 중 첫째 마음에 들면서 구입할 수... 
188,전주 덕진공원 연화정도서관 (하절기 연장 ~8.30 21:00pm),https://blog.naver.com/lina_u_/223556274751,색칠해보기 밤산책하면서 예쁜 조명이 있는 덕진공원의 연화정도서관에 들러봐도 좋겠다 야간개장기간이 얼마 안남았으니 서두르쟈 연화정도서관 후기 끗 #전주도서관 #전주연화정도서관 #전주덕진공원도서관
189,[전주 덕진공원] 연화정 도서관,https://blog.naver.com/yhdoobangri/223561342181,피어있어요 연화정 도서관 입구예요 한옥으로 만들어진 도서관은 또 처음보는거같아요 오른쪽으로 들어가면 벤치형 왼쪽으로 들어가면 좌식형이예요 이날은 벤치형으로 앉았어요 도서관에 자리를 잡고... 
190,전주덕진공원 연화정도서관(蓮花亭圖書館) 개관식_2022.... ,https://blog.naver.com/jcjkks/222779715121,"연화정도서관 개관식 준비 현황 창문 녀머로 들여다본 연화정도서관 내부 연화정도서관 개관식, &lt;사진; 전주시&gt; 전주 덕진공원 명물 '연화정', 재건축 거쳐 도서관으로 변신 전북 전주시는 덕진공원의... "
191,[전주여행추천] 덕진공원 연화정도서관 전주사진 스팟을... ,https://blog.naver.com/khyrt/222926944666,사이에서 잠도 자고 여유롭게 시간을 보내고 있었다 ㅎㅎ 다리 위에서 바라본 도서관의 모습! 호수가 좀만 깨끗했으면 더 좋았겠지만... 생각보다 좀 더러워서 아쉽 ㅠ 연화정도서관 입구의 모습! 기와집처럼... 
192,"[전주]연화정도서관, 전주덕진공원, 전주특별한여행지",https://blog.naver.com/joo_jjang/223598715696,연인과 조용한 관광지 찾으신다면 꼭 방문해 보세요~! #전주여행 #전주관광코스 #전주여행코스 #전주도서관 #전주아이랑 #전주사진스팟 #전주덕진공원 #전주덕진공원 #연화정 #연화정도서관 #전주특별한여행지
193,"책 읽으면서 데이트하기 참 좋은 곳, 전북대의 연화정도서관",https://blog.naver.com/qlrhdro_0/223074972094,담겨있는 '연화정도서관' 위치: 전북 전주시 덕진구 권삼득로 390-1 연화정 운영시간: 화-일 10:00-19:00... 연화정도서관에는 도서관이니만큼 당연히 읽을 책들도 다양하게 있었어요. 그래서 날씨가 참 좋은 날에... 
194,"PNB 풍년제과 본점, 덕진공원, 연화정도서관, 전주 물짜장",https://blog.naver.com/shsh3242/223616083595,연화교랑 연화정 도서관이 보였다 햇빛도 따뜻하고 연잎들이 핀 호수 정경도 너무 아름다웠다 벤치에... 있는 연화정도서관 대출은 안되지만 책 읽고 갈 수 있다 최근에 리모델링 했다고 하는데 건물이 깔끔하고... 
195,"전주 연화정 도서관, 스테이션 전주 숙소와 족발",https://blog.naver.com/scootbun/223585251019,"연화정 도서관으로 이동하는 길에는 이쁜 연꽃이 만개한 덕진공원을 구경할 수 있다. 필자는 특히 해 질 녘에 도착했는데, 주변 풍경이 너무 예뻐서 도서관과의 거리가 그렇게 멀지 않았는데도 이동시간이 사진... "
196,부모님이랑 가볼만한곳 덕진공원 야경 연화정 도서관,https://blog.naver.com/gideks123/223611436246,연화정도서관 연화정도서관 영업시간 :10시-19시 월요일 휴무 덕진공원은 24시간 개방 주차 가능 (무료) 야경이 이쁜데 도서관이 생각보다 일찍 닫아서 노을질 시간대에 도서관도 둘러보시는거 추천드려요 작은... 
197,[전주] 덕진공원&amp;연화정도서관,https://blog.naver.com/bg7609/223386403342,덕진공원 24시간 연중무휴 연화정도서관 주소 : 전북 전주시 덕진구 권삼독로 390-1 연화정 운영시간... 전주덕진공원&amp;연화정도서관에 다녀왔습니다. 가고자했던 이유는!??! 도서관이 한옥으로 되어 있고!!! 그... 
198,"1탄 &lt;학산숲속시집도서관&gt;,&lt;건지산숲속작은도서관&gt;,&lt;연화정도서관&gt;",https://blog.naver.com/habiaer/223583146347,"▪︎ 읽은 책들에서 두서없이 내가 좋아하는 문구들만 ~ ▪︎ 마지막, 도서관 나오면서 정면샷 ^^  마지막은, 가장 기대했던 연화정도서관. 전북 전주시 덕진구 권삼득로 390-1 연화정 https://naver.me/x5WzGh9Z... "
199,전라도 여행 전주 덕진공원 공사 연꽃 연화정도서관 포토존... ,https://blog.naver.com/jjnjju/223477431232,"일정은 덕진공원 공식 블로그를 참고하세요 연화정 도서관 덕진공원 가운데는 한옥 도서관인 연화정 도서관이 있어요 한옥으로 지어진 연화정 도서관은 “ㄱ”자 형태로 연화당, 연화루, 화장실로 이루어져... "
