username,verified,top_hashtags
theonlyhaven,FALSE,"rlholiday, poloralphlauren, rlholidaytree, ralphlauren, lancomesg, lancomepartner, idolefragrances, idolepower, idolebylancome, lorealpromysg, galaxys25ultra, withgalaxy, inoa!, decodethepastels, inoaloverssg"
turquoise.dec,FALSE,"yslbeauty, yslbeautysg, yslmakeup, ysltheinks"
ttalgi.ellie,FALSE,"fyp, support, unbox, outfits, outfitinspo, hauls, outfit, purchase, ugc, styletips, unboxingvideo, fashion, styleinspo, fashiontiktok, vibes"
srsaskin_,FALSE,"kbeauty, koreanskincare, teca, fyp, abib, abibholidaymoonglowbox, abib_global, holidaybox, holiday, holiday2024, beautybox, unboxing, skincarejourney, skincareroutine, kbeautyskincare"
cinthia_dosamples,FALSE,"creatorsearchinsights, beautycontentcreator, kbeauty, beautycommunity, ugc, skincare, newmakeup, unboxing, lipgloss, stylekorean, koreanmakeup, makeup, beauty, giftedby, stylekoreanpartner"
lee.ly1012,FALSE,"beauty, reviewbyleely, sephora, perfume, fragrance, ultabeauty, macys, yslbeautyus, newperfume, perfumereview, smellgood, smellgoodfeelgood, dailywear, sexyperfume, gorgeous"
xevelynluu,FALSE,"foryou, fyp, fy, trending, makeup, lipgloss, gilmoregirls, musthaves, slurpeerun, amazonvirtualtryon, vancouver, trend, diorlipoil, onedegreemore, nightlife"
chloelouiseliveslife,FALSE,"superdrugpresents, superdrug, justgirlythings, superdrugpresentsevent, superdrugevent, makeupevent, primarkmakeup, primarkfinds, primarknewin, newinprimark, primarkshopping, primarkuk, homebargains, girlsgroupchat, girlygroupchat"
melissahemmingsley,FALSE,"tatemcrae, soclosetowhat, tatemcraetour, tatemcraeedits, tatemcraeconcert, misspossessivetour, relatable, transitioninspo, transitionideas, itsokimok, funny, boyfriend, minigolf, sabrinacarpenter, shortnsweet"
skincare.ninja,FALSE,"supplements, supplementsthatwork, chiaseedwater, digestiveenzymes, probiotic, skinhealth, guthealthtiktok, gutcleanse, 15daygutcleanse, bloatedstomach"
ugc_withjessi,FALSE,"traveltiktok, traveltok, ugccreator, ugc, ugccontentcreator, ugccontent, ugctravelcreator, travelcouple, ugctravelvlog, ugccommunity, ugcexample, ugctravelcontent, travelcontent, ugctravel, travellife"
jessicaroseugc,FALSE,"skincare, unboxing, kbeauty, skincareroutine, pr, makeup, contentcreator, grwm, koreanskincare, makeuptutorial, prunboxing, coloring, colorwithme, coloringbook, stylekorean"
kayskwa,FALSE,"movingabroad, livingabroad, internationalstudent, apartmenttour, melbourneapartment, melbournestudent, livingalonediaries, studyabroad, dininghalls, mcgilldininghall, mcgilluniversity, studentdiaries, leavinghome, travellife, dreamcity"
autumnsaro,FALSE,"aesthetic, fyp, itgirl, pinterestinspo, morningroutine, thatgirl, danishpastel, girlythings, pinterestaesthetic, treehutpartner, treehut, treehutvanilla, rhode, whatsinmybag, emijay"
tinaangelinaaa,FALSE,"ugccreator, ugc, contentcreator, grwm, ugcexample, ugccontentcreator, makeuptutorial, ugccommunity, londonrecommendations, nailinspo, groceryhaul, skincareroutine, gymtok, pinterestaesthetic, vlog"
life.w.lex4,FALSE,"ugc, fyp, ugccontentcreator, ugccommunity, ugccreator, contentcreator, capcut, smallcreator, ugcexample, girlytok, aesthetic, girlythings, ugccontent, lifestyle, creatorsearchinsights"
jensnomz,FALSE,"foodie, eating, foodreview, dallas, korean, costco, sushi, nogatekeeping, richardsontexas, chicagodogs, cheesefries, chickenbake, lifehack, jjajangmyeon, blackbeannoodles"
mindfulugc,FALSE,"squarepad, tonerpads, skincarestarter, glowgamechanger, glasskin, bouncyglow, ultafinds, pr, contentcreatortips, passiveincome, brandingstrategy, socialmediasuccess, ugccreator, ugcquestions, ugctips"
nooni.ugc,FALSE,"cafereview, foodie, sacramento, sac, sacramentoeats, asianinspiredcafe, bananamatcha, doublematcha, vietnamesecoffee, sacfinds, saceats, norcal, california, cafespot, tts"
allbriwoo,FALSE,"blackbaldwomen, baldgirlsonly, baldbabe, skincare, amazoninfluencer, blondeandbald, skincareroutine, blackandbald, amazonprogram, amazonstorefront, amazonaffiliate, morningroutine, skincarejunkie, confidence, hairinfluencer"
grw.alii_,FALSE,"makeupideas, grwm, makeup, beauty, lowcontrastmakeup, simplemakeup, naturalmakeup, nomakeupmakeup, glowymakeup, makeuptips"
zhala.beauty,FALSE,"bodyglow, bodyoil, bodyoils, makeup, axisypartner, makeupinspo, koreanskincare, kbeautyskincare, ootd, outfitinspo, sunscreen, blush, glassskin, datenightootd, longhair"
lifewtamia,FALSE,"preppy, preppytok, viral, xyzabc, foryou, preppyfyp, viralvideo, preppylifestyle, grwmroutine, preppyaesthetic, viraltiktok, preppyroutine, preppyroom, relatable, fyp"
sunscreen.addict,FALSE,"cleanskinclub, deinfluencing, benandjerrys, dei, mlkday, morphecloudlight, morphecosmetics, pickyreview, gopicky, kendricklamar, superbowl, naturium, lipbalm, elfhaloglowliquidfilter, projectpan"
yangmediary,FALSE,"fyp, beauty, skincare, kbeauty, foryoupage, makeup, skincareroutine, aesthetic, beautycommunity, foryou, beautyblog, viral, newtrend, girly, trending"
d_dudley4,FALSE,"fyp, explorepage, holiday, fun, happyholidays, adventcalendar, emotionalsupportpals, plushies, cute, jointoopen, letsopenthis, toys, christmas2024, christmaslscoming, gifted"
beauty__bymegs,FALSE,"aesthetic, skincare, sotd, fragrance, scentgasm, beauty, complimentary, cosrx, skincaregoals, acnetreatment, glowingskin, evenskintone, skincaretok, skincaretip, pickyreview"
witandarte,FALSE,"witandarte, kbeauty, koreanskincare, skincare, skintok, anua, tirtir, medicube, medicubeambassador, koreanmakeup, poreminimizer, skincareroutine, glowyskincare, kskincare, kbeautyskincare"
beautycloudlove,FALSE,"koreanskincare, makeuplover, marioblush, makeupbymario, blush, blushtutorial, toomuchblush, asmr, lipglosses, kbeauty, makeup, makeupobsession, makeupaddict, skincareroutines, koreanskincareproducts"
psdiwan22,FALSE,"shein, saveinstyle, loveshein, sheinforall, hairgoals, sheinshops, shops, save, love, style, fashionbloggers, ootdstyle, sheintrends, sheinpartner, shopsmart"
vickyoffishal,FALSE,"kalogerassisters, ilookchopped, sundaykalogeras, imet, elianakalogeras, fyp, amossweets, gummypeelerz, candy, tiktokshopfinds, gummycandy, greeneyes, eyes, funny, gummys"
klymi.na,FALSE,"mongolia, fyp, paris, kbeauty, friends, skincare, vlog, dralthea, acnescar, wintervibes, favourites, essential, dralthea345cream, acne, troubledskin"
jeracoolio,FALSE,"kbeauty, koreanmakeup, koreanskincare, koreanmakeupproducts, pinkmakeup, cushionfoundation, romand, liptint, makeup, lippiescollection, lippies, kbeautylippies, imjustagirl, makeupbag, makeupbagtour"
angelinajarboe,FALSE,"affordableskincare, targetskincare, greenscreen, bestskincare, bestaffordableskincare, drugstoreskinscare, christmashaul, matureskincare, christmashauls, rhode, rhodelipshape, christmashauls2024, richkidchristmashaul, deinfluencing, matureskin"
waves_for_dayzz,FALSE,"cppartner, colourpopme, colourpopcosmetics, hydratingsunscreen, hyaluronicacid, moisturizingspf, glowessentials, skincaretips, guerlain, youthwateryoilserum, pamperyourskin, noyzfragrance, myrosy, intimateperfume, dearhair"
jmeans77,FALSE,"pickyreview, gopicky, kbeauty, gifted, vtcosmetics, ad, pickyxvtcosmetics, glassskin, centellian24, complimentary, iunik, kohlscreators, kohlspartner, kohlsfinds, glowingskin"
carmelk1,FALSE,selflove🥰😍🫶🏾..
skincredibles,FALSE,"koreanskapielegnacja, kbeauty, koreanskincare, pielegnacjatwarzy, koreanskiekosmetyki, ulubiency, korenskincare, pielegnacjaskory, yesstyle, kbeautyskincare, kosmetyki, skincaretips, koreanskincareroutine, anua, skincare"
jamesslushie,FALSE,"thehairlabambassador, kindnesskrew, waisttrainer, faja, gofrothyourself, skincare, labsquad, thehairlab, 48, soldejaniero, soldejaniero48, review, milkrx, skincarereview, fyp"
_chicpick,FALSE,"fyp, creatorsearchinsights, ugccontentcreator, kbeauty, skincare, skincareroutine, smallcontentcreator, koreanskincare, prpackage, prhaul, glowymakeup, kbeautyskincare, lippie, viral, skintok"
aroundtheplanetandback,FALSE,"glassskin, perfumetok, fragrancereview, vtpartner, vtcosmetics, kbeauty, skincarelovers, roseparade, nettefragrance, nicheperfume, scentoftheday, fragrancelover, themakerparadiso, nichefragrance, luxuryscents"
itsomalherself,FALSE,"pickyreview, gopicky, lattafa, perfume, skincareroutine, fragrance, perfumeaddict, perfumereview, fragrancelover, khadlaj, perfumelovers, skincare, perfumecollection, skincaretips, arabianperfumes"
hannie.skin,FALSE,"beautyblogger, skincareroutine, skintok, skincarecommunity, glowingskin, skincareproducts, skincareblogger, asmr, skincaregirlies, xiaohongshu, makeuptutorial, makeup, douyin, trends, fyp"
bel1amur,FALSE,"ugccreator, teamwork, ugc, popup, beauty, rarebeauty, selenagomez, rhode, ootd, reelsinstagram, explore, explorepage, rhodeskin, commense, commensereview"
ksuuuushaxx,FALSE,"koreanskincare, fyp, koreanskincareroutine, glassskin, fy, trending, viral, koreanskincareproducts, kbeauty, medicube, skintok, numbuzin, skincare, wrinkelcare, purpleskincare"
loriebelle.ugc,FALSE,"kbeauty, fypage, cushionfoundation, clio, cliokillcovermeshglowcushion, skincare, koreanskincare, kbeautyskincare, fyppppppppppppppppppppppp, skin1004, imfrom, yesstyleinfluencers, toner, ricetoner, spraytoner"
lexlovesmakeup,FALSE,"perfume, cleanpartner, fyp, myclean, fragrance, gifted, perfumelove, fypシ, fragrances, newinbeauty, trendingbeauty, whippedcherry, fragrancecommunity, perfumelover, ultabeauty"
xo.lolaenriquez.xo,FALSE,"kbeauty, viral, heimish, allcleanbalm, cleansingbalm, heimisheyecream, marinecareeyecream, viralkbeauty, viralreels, koreanskincare, travelkit, abib, yesabib, acnejourney, abibcapsuleserum"
westclau_,FALSE,"lipproducts, glossylips, lipgloss, revlon, lipstick, viralmakeup, blackcherry, naturallips, lowcost, liplover, wintervibes, blushtrend, blush, aztk, cbeauty"
blossom5113,FALSE,"kbeauty, makeup, lippies, beauty, koreanmakeup, liptint, wonyoungism, lipcombo, wonyoung, pink, clio, lipglosses, coquette, cbeauty, lipstick"
its.mawii,FALSE,"koreanskincare, kbeauty, skincare, gopicky, pickyreview, centellian24, glassskin, collagenmask, sensitiveskin, collagen, toner, complimentary, thayers, thayersambassador, pickyxcentellian24"
torilatise,FALSE,"alopecia, raleighnc, dubaichocolate, dubaichocolatelatte, oneskin, skinlongevity, scalpcare, getbacktoyourroots, oneskinpartner, betterworldfragrancehouse, summermink, fragrance, adulthood, lesinfusionsdeprada, giftedbypradabeauty"
etherealskinwithrinny,FALSE,"kbeauty, contentcreator, beauty, skincare, skincareroutine, ugccreator, unboxing, asmr, haul, koreanskincare, girlythings, beautytok, ugc, haultok, blackfridaydeals"
megnugs2,FALSE,"kbeauty, makeup, fyp, pink, targetaudience, haul, girls, unboxing, cbeauty, viral, beauty, foryou, yesstyle, jbeauty, wonyoungism"
alotta_reviews,FALSE,"skincareroutine, selfcare, skincaregoals, glowingskin, kbeauty, healthyskin, koreanskincare, sensitiveskin, skincareessentials, skincarecommunity, cleanbeauty, glowup, beautytips, beautyroutine, fyp"
voguereview,FALSE,"lipcombo, newmakeup, blush, benetint, earlyaccess, liptint, benefitcosmetics, flush, kendricklamar, jeans, flarejeans, super, superbowlhalftimeshow, halftimeshow, kendricksuperbowl"
sydneychriistensen,FALSE,"loveonthespectrum, abbeyanddavid, loveonthespectrumseason3, californiaallstars, blackops, cheerleadingworlds, makeup, grwm, beauty, lifestyle, vlog, makeuplook, skincare, empties, emptiesreview"
life.bynoeee,FALSE,"ugccreator, ugc, makeup, microinfluencer, beauty, pr, amika, explore, makeuplover, creatorsearchinsights, prunboxing, explorepage, viralvideo, dior, parati"
adriannamg12,FALSE,"makeup, fyp, lipbalm, lipproducts, makeuplover, skincare, elfcosmetics, frecklemakeup, beauty, affordablemakeup, lipgloss, elflipbalm, lipstick, makeupcollection, makeupproducts"
itsreal_lmb,FALSE,"fyppppppppppppppppppppppp, 5yearstogether, unboxing, ipadair5, hardworkpaysoff, selfinvested, ugccreator, ipad, ipadair, unboxingvideo, ugccommunity, fyp, beach, civagostyle, stayhydrated"
lovebirsu,FALSE,"fy, fyp, skincare, skintok, beauty, glassskin, kbeauty, brightening, selfcare, koreanglassskin, hyperpigmentation, numbuzin, glutathione, glowup, koreanskincare"
_dollylqve,FALSE,"fyp, kbeauty, makeup, girly, pink, viralmakeup, selfcare, plush, plushies, getahug, asmr, koreanmakeup, kbeautymakeup, lipgloss, cutesy"
yunalome,FALSE,"haircut, parents, korean, canadian, bob, greenscreen, greiving, love, creativeinspiration, dailyvlog, landscape, journeyoflife, comfortfood, greifjourney, vlogtiktok"
vannahluv,FALSE,"contentcreator, asiancontentcreator, outfitideasforyou, outfitoftheday, casualoutfits, styleguide, outfitsinspo, springfashion, outfitinspo, simpleoutfits, whatsavannahiswearing, casualoutfitideas, casualstyle, springclothes, neutraloutfits"
teresatpham,FALSE,"jax, 904, jacksonville, jaxfoodie, 904eats, 904happyhour, asianfood, food, holiday, christmas, christmaslights, xmas, stufftodojax, aritzia, aritziastyleadvisor"
cla.audia,FALSE,"breakup, ex, healingjourney, healingprocess, healingtiktok, tatemcrae, itsokimok, beachvibes, beach, aries, pov, kbeauty, single, gifted, bluespirulina"
kimberly.cat,FALSE,"thingstodo, asmrsounds, pinterestaesthetic, foryou, productivity, trending, cleanwithme, cleaningmotivation, pinterestinspo, thatgirl, softgirl, sundayreset, cleaningszn, cleantok, fyp"
regina_ugc_,FALSE,"ugcvideo, ugccreator, ugcexample, productvideography, behindthescenes, ugccontentcreator, bts, whatiseewhatyousee, theprocessvstheresult, ugcusa, ugc, haircareroutine, gisou, gisouhairperfume, haircare"
louysasdiaries,FALSE,"girlythings, girltherapy, morningdiaries, morningroutine, pinterestaesthetic, softgirlaesthetic, pinktok, pinkmorning, pinkaesthetic, morningvlog, sundayreset, girlytok, girlyvibes, girlaesthetics, girlyaesthetic"
her.lifestyle.pri,FALSE,"fyp, nursesoftiktok, nurse, nurselife, nepalitiktok, nursetok, funnynursevideos, viralnurse, nepalinurse, nursehumor, funnyvideos, explore, asmr, itgirl, rnbvibes"
curly.qaya,FALSE,"curlswithqaya, southafricancontentcreator, curlyhair, beginnercurlyhair, curlyhairbeginner, creatorsearchinsights, fyp, architecturestudent, affordablehairproducts, curlyhairstyles, plussizefashion, mrpbethenext, bestcurlyhairproducts, mrpricefashion, architecturegraduate"
Hikarifleurr,FALSE,"nostalgia, y2k, brendasong, ad, girlygirl, plutotv, blackhistorymonth, whitechicks, blackmovies, girlythings, early2000s, disney, disneychannel, londontipton, girlyaesthetic"
tatgiraldi ,FALSE,"fyp, parati, haircareroutine, grwm, canong7x, vacation, skincare, aprilskin, hyperpigmentation, darkspot, pores, glassskin, skintok, tiktokshopnewarrivals"
jocy.cs ,FALSE,"mixsoon, koreanskincare, glassskin, skincareroutine, skintok, tiktokmademebuyit, kbeautyaddict, koreanfacemask, mixsooncollagenmask, babyoil, hair, hairtok, softhair, hairtips, shinyhair"
dearrruzzi,FALSE,"morningroutine, morningmotivation, wellness, motivation, 5amclub, 5ammorningroutine, productivemorning, productivemorningroutine, thatgirlroutine, thatgirlmorningroutine, thatgirl, morningvibes, skincareroutine, morningskincareroutine, fyp"
itsfufumochii,FALSE,"tiktokgrowth, tiktokgrowthtips, growingontiktok, engaging, creatorsearchinsights, couplegoals, couplestiktok, koreanmakeup, couple, coupleschallenge, dateideas, scrapbooking, koreanbeauty, pr, teamwork"
paolainatl,FALSE,"makeup, aesthetic, unboxingvideo, unboxing, skincare, ipad, ipadair, ipadair5, appleipad, skincareroutine, stevemadden, aestheticshoes, hermesoran, dupes, skincaretips"
happy.bluedino,FALSE,"skincareroutine, glowingskin, skincareaddict, kbeauty, koreanskincare, skincareessentials, glowup, skincaregoals, skincarelover, hydratedskin, kbeautyroutine, hydrationboost, radiantskin, hydratedglow, creatorsearchinsights"
ninislildiary,FALSE,"ugc, influencer, contentcreator, ugccommunity, ugccreator, explore, ugcexample, ugccontent, socialmedia, reels, fyp, relatable, trend, viral, pr"
nakeziaa,FALSE,"contentcreator, contentcreation, yslloveshine, koreanskincare, fyp, relatable, kbeauty, abib, teca, motherdaughter, bestieduo, bestfriendsforever, jakartacafe, microinfluencerclub, roseskinco"
teacuppuppycoco,FALSE,"provencebeautyglow, frenchskincare, snackwithfitcrunch, foodtok, healthydessert, provenceskincare, ad, snacktok, trufru, cheggcreator, smallstepsftw, grwm, sweettreat, skincare, dreampairs"
strawberry_shalyn,FALSE,"capcut, makeuplovers, memecut, makeupcollection, makeupcollector, memenatal, meme, beautylovers, couplesgoals, skincarelovers, kbeauty, walmartfinds, decluttering, organizewithme, declutter"
sophie_bskin,FALSE,"crultyfreeskincare, veganskincare, naturalskincare, healthyskin, skincare, pr, skintok, skincare101"
itsbreeeva,FALSE,"fyp, contentcreator, girlssupportgirls, fashiontiktok, teamwork, stylewithme, christmastiktok, mentalhealth, mentalhealthmatters, creatorfund, cleantok, spendthedaywithme, valentinesday, valentinesfinds, loveseason"
rosaliebriere,FALSE,"viral, trompeloeil, patisserie, tastetest, montreal, dupe, part2, quebec, stromuald, homesense, winners, trouvailles, ouverture, magasin, tour"
thekimedit,FALSE,"kbeauty, koreanskincare, skincareroutine, skincareproducts, skincare, glowyskin, skintok, glassskin, glowingskin, healthyskin, purito, fyp, glowcream, makeup, beauty"
thebeautymolecule,FALSE,"skincaretiktok, slugging, ceravehealingointment, skincarehumor, balsamicvinegar, elmobalsamicvinegar, dysonairwrap, dysonairwrapcompletelong, dysonairwraptips, dysonairwrapcomplete, vincabluerose, dyson, dysonairwrapcurls, dysonairwrapunboxing, viralmakeup"
im.gis3lle,FALSE,"rhodeskin, fyp, rhode, peptideliptreatment, makeuplooks, tiktokban, tiktok, nofilter, nofiltermakeup, ugc, pickyreview, gopicky, pickyxdeardahlia, deardahlia, blush"
im.gis3lle,FALSE,"rhodeskin, fyp, rhode, peptideliptreatment, makeuplooks, tiktokban, tiktok, nofilter, nofiltermakeup, ugc, pickyreview, gopicky, pickyxdeardahlia, deardahlia, blush"
Rosemarie.loves,FALSE,"tiktokshop, tiktokmademebuyit, fashion, tiktokshopfinds, kbeauty, makeup, koreanskincare, beauty, cppartner, food, skincare, clothing, heels, valentinesday, lipstick"
victoriahui,FALSE,"pommeto, kerastase, kerastasepremiere, blowout, blowouthair, torontosalon, queenwest, ad, valentinesday, ootd, toronto, fyp, fashion, springfashion, selfiewall"
edli.ugc,FALSE,"kbeauty, koreanskincare, skincare, kbeautyskincare, fyp, skincareroutine, glassskin, stylekorean, medicube, medicubeambassador, skintok, skincaretips, koreanskincareproducts, tiktokshopfinds, skin1004"
yt.jichelleirish,FALSE,"fyp, fypage, provincelife, quezonprovince, ytjichelleirish, jinroph, hitejinroph, lifewithoutatrendingaudio, trend, foryou, tiktokviral, episode1, lifeintheprovince, slowliving, vlogseries"
creativelyamanda,FALSE,"starwars, fyp, ugccreator, fypage, revengeofthesith, starwarstiktok, seasonoftheforce, ugc, starwarsoutfits, disneyworld, skincare, may4th, r2d2, hollywoodstudios, summerfridays"
sailormina_,FALSE,"kbeauty, xg, coachella, kpop, dreamacademy, katseye, makeup, cbeauty, eyeshadowpalette, douyinmakeup, creatorsearchinsights, babymonster, babymonsterworldtour, asmr, koreanskincare"
ugc_byivanna,FALSE,"ugccommunity, grwm, moodboard, ugccontentcreator, unrecognizablemakeup, makeup, wolfiecindy, cancunmexico, castoroil, detox, castoroilbenefit, guthealth, wellnesstips, naveloiling, justagirl"
by_ashmariee,FALSE,"fyp, selfcare, selflove, dayinthelife, selfimprovement, girlythings, minivlog, skincare, skincareroutine, justagirl, fragrance, perfumereview, nailinspo, bodycare, nailjunkie"
tatiana.ptrnina,FALSE,"fyp, skincareviral, skincarecoreano, tonerskincare, glowing, skincare, skincareroutine, koreanskincare, makeup, medicube, kbeauty, medicubeambassador, ugccreator, makeuptutorial, glassskin"
trxlyadria,FALSE,"fyp, kbeauty, makeup, koreanmakeup, fwee, skincare, koreanskincare, viral, glossylips, trend, lipcombo, makeuptok, beauty, yesstyle, yesstyleinfluencers"
ugcwithedwina,FALSE,"prpackagehaul, rimmellondon, lipbalm, sunmerfridays, ugcexample, ugcskincare"
christineeugc,FALSE,"ugc, foryou, kbeauty, ugccreator, koreanskincare, skincare, skintok, foryourpage, ugcexample, ugccommunity, glassskin, skincareroutine, beautytok, skincaretips, numbuzin"
renlauskin,FALSE,"kbeauty, koreanskincare, skincare, glassskin, skincareroutine, hwahae, reedleshot, centellian24, purito, numbuzin, pickyreview, gopicky, doublechin, sensitiveskin, skintok"
jelloskinsecrets,FALSE,"koreanskincare, skincarecommunity, kbeauty, glassskin, anua, skintok, anuaambassador, skincareroutine, soothingserum, panthenol, yesstyle, kskincare, skincare, medicube, medicubeambassador"
skin_likee,FALSE,"cheapperfumevsexpensive, bestperfume, fragnancetiktok, missdior, missdioreaudeparfum, fyp, rarebeauty, luxuryperfume, fragrancetok, makeupfyp, jamescharlespalette, charlesandjameslight, morphejamescharlespalette, morphexjamescharlespalette, jamespalettehighlighter"
hola.danielaxoxo,FALSE,"skincareroutine, skincareproducts, makeuphacks, beautytips, glowyskin, affordablemakeup, holidaymakeup, mediheal, holidaygiftidea, blemishfighter, vitaglowpad, bouncyglow, tonerpads, amazonbestseller, sahm"
vera_kskincare,FALSE,"koreanskincare, skincare, kskincare, kbeauty, capcut, skincareroutine, koreanskincareproducts, yesstyle, yesstyleinfluencers, glassskin, kskincareproducts, routine, anua, sensitiveskin, color"
skinbyhelen,FALSE,"crybaby, popmart, blindbox, scam, yttp_partner, bodycareroutine, glowyskin, showerroutine, ad, costcofinds, starbucksmatcha, lavendermatcha, biodance, costcofindscanada, hairsalontiktok"
ellasolves,FALSE,"ellasolves, ellaafterdark, justagirlwhosolves, greenscreen, foryou, fyp, truecrimecommunity, truecrimeobsessed, truecrimetime, crimetok, truecrimers, truecrimestory, crimetiktok, truecrimeanytime, truecrimetok"
skinwithe1,FALSE,"skincareroutine, kbeauty, koreanskincare, skincarecommunity, skincaretips, skincareaddict, skincareproducts, skincare101, skincare, ugc, beauty, skininfluencer, skincareviral, skincaremusthave, aesthetic"
joselinastyle,FALSE,"kbeauty, koreanskincare, skincare, glassskin, beauty, skincaretips, koreanbeauty, glowyskin, skincareroutine, fyp, glow, makeup, yesstyleinfluencers, yesstyle, haircare"
starfaceorganics,FALSE,"lavibes, coffeeshop, placestogo, losangeleslife, coffeetalk, coffeeloversoftiktok, coffeespot, coffeetok, coffeebar, placestovisit, strawberrymatcha, coffeedate, matchalatte, coffeeshops, matchalover"
ishmadiaries,FALSE,"beautytok, myrae, glowfromwithin, vitamine, estained, heatsypeasy, estainedheatsypeasy, heatprotectant, heatprotection, hairspray, makeup, kbeauty, makeupaddict, fyp, medicube"
itshazeldiaries,FALSE,"ootd, outfit, grwm, makeup, grwmmakeup, skincare, grwmroutine, outfitinspo, makeuplook, maybelline, contentcreator, noheatcurls, birthday, cafe, manifestation"
skinwithclods,FALSE,"revgen, makeuprevolution, blush, kbeauty, koreanskincare, kbeautyskincare, lorealistaruk, lorealparis, ad, oliveyoung, loreal, stylevana, koreanmakeup, skincare, lipoil"
greyyychoi,FALSE,"corporategirlies, corporatelife, adayinmylife, pov, fyp, toronto, rolex, rolexwatch, datejust, watches, luxurywatches, outfitinspo, fitcheck, outfits, businesscasual"
heartz4pitii,FALSE,"wonyoungism, selfcare, koreanskincare, glassskin, mixsoon, snailmucin, kbeautyaddict, kbeauty, skincareroutine, skintok, kbeautytok, veganskincare, mixsoonbeanessence, veganmucin, hydratedskin"
mattrandon,FALSE,"skincaretiktok, skincareviral, beautytutorial, beautyhack, beautyroutine, skincarehacks, beautyreview, morningroutine, grwmroutine, comedyskit, comedytiktok, comedyvideos, womenpower, womenoftiktok, womanpower"
melon_park,FALSE,"fyp, mukbang, koreanfood, food, foodie, friendsgiving, friendsgivingrecipes, thanksgiving, thanksgivingdinner, thanksgivingrecipes, eating, dancechallege, rawmarinatedcrab, rawcrab, koreanrawmarinatedcrab"
_lilyis,FALSE,"kbeauty, kbeautyproducts, koreanskincaretiktok, koreanbeauty, skincareempties, koreanskincaretips, skincareforbeginners, kbeautyfinds, skincaretiktok, skincaretips, glassskin, skincareroutine, glowyskin, koreanstyles, skincareroutines"
abbyrosemaureen,FALSE,"skincare, acne, skincareroutine, ad, dermaangel, dermaangelus, smartpicksforyouracne, acnepatch, invisibleacnepatch, acnecare, deepacnecare, porecare, darkspotcare, postacnecare, clearskinroutine"
lilac__05,FALSE,"creatorsearchinsights, kbeauty, koreanskincare, kmakeup, exfoliateforlip, lips, lipexfoliator, liphealth, howtoexfoliatelips, lipbalmrecommendation, frudia, amazonkorea, stoppickinglip, liquidblush, yesstylemusthaves"
bethyful_kbeauty,FALSE,"kbeauty, koreanskincare, creatorsearchinsights, skincarerecommendations, arencia, acneproneskin, creatorsearchinsight, oilyskin, cleanser, arenciacleanser, mochicleanser, arenciamochicleanser, oilyskincareroutine, cleanserrecommendation, abib"
lovemisomeskin,FALSE,"partipost, sp, ad, kopitiamfoodhall, watsonssg, europacespotlesspowerchallenge, wykingcookware, cooklikeapro, nonstickperformance, effortlesscooking, btodoor, lockinv3, smartlocksg, homesecuritysg, harirayapromo"
ugcwithkpm,FALSE,"kbeauty, skintok, koreanskincare, koreanbeauty, beautytok, koreanskin, glowingskin, viralskincare, ugccreator, beautybloggers, koreanskincareproducts, skinglow, beautycreator, koreanskincareroutine"
_anjello,FALSE,"skincare, capcut, kbeauty, koreanskincare, skintok, korean, fyp, pichyreview, gopicky, skincareroutine, pr, cream, antiaging, koreanskincareproducts, gifted"
prettywrinkles,FALSE,"beautyaesthetic, bathroomaesthetic, bathroomorganization, pinterestaesthetic, bathroomdesign, girlmess, bathroomdecorideas, pinterestinspired, wellnessfoodie, healthybreakfast, yogurtbowl, superfoods, healthybreakfastideas, deliciousfoods, wellnesstips"
so.calmama,FALSE,"sandiego, fire, santaanawinds, borderfire, wildfire, otaymountain, engaged, proposal, isaidyes, kendricklamar, food, myshayla, grandnationaltour2025, sza, kendricklamarsza"
eloise_ugc,FALSE,"ugcaustralia, contentcreator, ugcexample, ugcexampleaustralia, ugc, contentcalendar, contenthack, notion, contentcreation, entrepreneur, ugcexamplevideo, ugccommunity, gmail, gmailhack, emailhack"
xokena_,FALSE,"blackgriltiktok, christmasshopping, shopping, coachpurse, coach, newpurse, gymmotiviation, gymgirlsoftiktok, gymgirl, finessjourney, 2025goals, gymtok, blackgirlgymtok, corememories, memories"
glo.ssary,FALSE,"lipswatch, flowerknows, asmr, lipoil, giftedbyclinique, gifted_by_clinique, asmrroutine, routine, morningroutine, grwm, kbeauty, cozyhome, seapuri, scalpcare, scalphealth"
pretty.squirrelss,FALSE,"kbeauty, koreanmakeup, tts, blush, lipcombo, tiktokmademebuyit, skincare, tiktokshop, koreanskincare, ttsfinds, tiktokshopfinds, pdrn, makeup, skincareroutine, glowingskin"
jilliangottlieb,FALSE,"skincare, contactdermatitis, allergies, rosacea, patchtesting, viral, viralvideos, patchtest, dermatitis, allergicskin, comewithme, skinhealth, skincaretips, skinedu, skinallergies"
skinbykristin,FALSE,"creatorsearchinsights, cleanwithme, antiaging, cleaningmotivation, antiagingtips, glowyskin, undereyebags, antiagingskincare, esthetician, estheticiantiktok, cleanwithmemotivation, musthaves, organizedhome, cleaningtiktok, greenscreen"
pinaydora,FALSE,"beautycommunity, beauty, beautycontentcreator, ugccommunity, ugc, ugccontentcreator, pr, rhode, hailey, haileybieber, contentcreator, discoverunder2k, beautytrends, beautytok, newtrend"
laurynslocs,FALSE,"fishhooks, grwm, traderjoes, soupdumplings, tiktokfoods, blackgirlmakeup, blush, blushunderfoundation, makeuphack, 4thofjuly, july4th,beachvibes, getreadywithme,beyonce,actingchallenge"
ugc_emma9,FALSE,"ugccontentcreator, collabs, yesstyleinfluencers, moroccan, kbeautymakeup, kbeautyskincare, kbeautyreview, kbeauty, moroccanugc, ᴄᴏɴᴛᴇɴᴛᴄʀᴇᴀᴛᴏʀ✨, theview, restaurantlife, ainsbaa, casablanca🇲🇦, ugcfoodcreator"
ugcwithsahar,FALSE,"yesstyle, yesstylemorocco, yesstyleinfluencers, yesstylereview, morocco🇲🇦, isntreexyesstyle, isntreexys, isntree, onion, onionnewpairgelcream, marocaine🇲🇦, algeria, tunisia🇹🇳, foryoupage, axis-y"
glowwithhima,FALSE,"loveshackfancy, loveshackfancybeauty, summervibes☀️, summerfragrance, girlvibes, trendin, blackfridaydeals, blackfriday, spanxpartner, blackfridaysale, leggings"
allansgirl_,FALSE,"echinacea, echinaceacream, barriercream, recoverycream, tonertoessence, rawquest, kbeauty, glassskin, prozis, prozisusa, exceedyourself, complimentary, newmakeup, haloglow, elfcosmetics"
reviews_by_bee,FALSE,"pickyreview, gopicky, pickyxwhipped, whipped, fyp, cuteskincare, sunlit, skincare, valentinesdaygift, valentinesday2025, happyvalentine, tiktokisback, beautytok, reddiamond, viralbeauty"
ugcwithjag,FALSE,"ugc,ugccreator,ugccommunity,foryou,fyp,beautyobsessed, beautyaddict, skincare, skeepers, ugcexample, freebie, beauty, makeup, aesthetic, skeepersfamily"
hushhalohue,FALSE,"aesthetic, asmr, softgirl, makeup, contentcreator, ugc, content, beauty, fyp, fashion, gettingsomewhere, summer, aestheticedits, lipoil, everyday"
glow.like.korea,FALSE,"skincareroutine, skincare, kbeauty, skincaretips, healthyskin, skin1004, eyecare, bakuciolbeauty, youthfulskin, beautymusthave, healthyeyes, productreview, beautycommunity, yesstyle, yesstylereview"
britnorman_,FALSE,"beauty, makeup, toddlermom, girlmom, pregnant, skincare, pregnancy, beautytok, momsoftiktok, pregnantlife, dermablend, dermablendcanada, 2ndtrimester, 3rdtrimester, momlife"
yepmanythings,FALSE,"tiktokbeauty, aesthetic, beauty, blogger, vlog, makeup, kbeauty, kpop, beautytips, koreanskincare, skincare, newtiktok, skincareroutine, healthyskin, tiktokmakeup"
imjustagirl368,FALSE,"sacramento, greenscreen, facebookmarketplace, severanceappletv, whitelotus, whitelotusseason3, sacramentokings, unitedhealthcare, oldnavy, summerfinds, sackings, tahoe, snowboard, kirkwood, matcha"
itsugcgirl,FALSE,"ugc, makemeblush, blush, musthave, makeup, ysl, yslbeauty, sunscreen, shopicons, bubbleambassador, bubbleskincare, spf40sunscreen, gifted, pickyreview, gopicky"
natik4s,FALSE,"ugc, ugccreator, beauty, makeup, gifted, skincare, mua, tiktokshop, ugccommunity, contentcreator, selfcare, sephora, reviewer, makeuplover, momlife"
topnotchmarvellous,FALSE,"makeupaddict, makeupoftheday, beautyinfluencer, explore, creativemakeup, explorepage, makeuptutorial, makeupartist, makeuplovers, glammakeup, makeuptutorials, dailymakeup, instabeauty, makeupjunkie, makeuptips"
rawanalani4,FALSE,"muslimtiktok, muslim, ramdan, islamicreminder, ramdangiftsideas, ramdangift, 99namesofallahflashcards, creatorsearchinsights, 99namesofallah, makeup, hijabi, hijabifashion, hijabigirl, lipgloss, kbeauty"
addicted.to.skincare,FALSE,"fyp, kbeauty, skincare, skintok, koreanskincare, skincaretips, skincare101, fypp, fyy, pmskincareroutine, serum, am, amskincare, anua, tiktokmademebuyit"
s.beauty.makeup12,FALSE,"rarebeauty, blush, makeup, rarebeautyblush, rarebeautymakeup, ad, rarebeautybyselenagomez, kbeauty, skincare, lipstick, gifted, lorealmakeup, mascara, anua, loreal"
pocketlifestyle__,FALSE,"microinfluencer, ugccreator, contentcreator, 2024, goodal, sister, heartleaf, hyaluron, reduce, inner, skin, sensitive, costco"
melii.mar_,FALSE,"navidad, regalosnavideños, wingstop, wingstopranch, workoutroutine, nails, compras, mudanza, tendencias, regalosdenavidad, regalosorpresa, 2025, gisou, gisouhoneyglow, diseñodeuñasnavideño"
chloemedeiros,FALSE,"makeup, beauty, fyp, firstimpression, makeuproutine, affordablemakeup, makeupreview, makeupswatches, makeuptutorials, drugstoremakeup, 2025, gymmakeup, grwmmakeup, workoutroutine, naturalmakeup"
nghibui_i,FALSE,"wakemake, squidgame2, wakemakesquidgame, sweaterweather, sweater, grwm, capcut, skin1004, kbeauty, skincare, poremizingclaymask, centellasunserum, centellatravelkit, tonebrighteningampoule, probiocicaeyecream"
xo.yokov,FALSE,"capcut, easysummerhairstyles, easyhairstyle, summerhairstyle, flowerclawclip, summerhairinspo, ootd, outfitcheck, outfitideas, girlactivities, presentationnight, careertok, girlsnightin, girlsnightideas, blackdress"
ericaz_ugc,FALSE,"ugc, ugccommunity, fyp, ugccreator, makeup, grwm, beauty, blush, fashion, spring, fypage, ootd, elflipoil, lipgloss, lipstick"
lukyss_09p,FALSE,"complimentary, pickyreview, gopicky, feelgoodnaked, josiemaran, @influenster, pickyxayunche, ayunche, drbio, skincare, serum, collab, skincareroutine, glasskin, fy"
glowyyclover,FALSE,"skincare,skincareroutine, glowyyclover, lebasidllacuradellapelle, skincarecommunity, skin, skincareroutinetips, skinsta, koreanskincareproducts, dicsoverunder1k, sincareobsessed, productsthatwork, skincaretiktok, fentybeauty"
pixelheartsbeauty,FALSE,"skincare, skincaretiktok, moisturiser, watercream, newproductalert, facecleanser, bubbles, grapefruit, texture, gifted, cleanreservehippedcherry, sweetgourmanderfume, sweetgourmand, warmandspicy, cherry"
luv4ikeuuu,FALSE,"fyp, relatable, hair, facialhair, hairygirl, ethnic, koreanskincare, abibambassador, abib, skincare, abibcrew, kbeauty, pr, skintok, microinfluencer"
chen.ugc,FALSE,"ugccreator, ugc, ugccontent, ugccommunity, influencer, prpackages, prpackage, pr, aesthetic, ugccontentcreator, skincare, fyp, productreview, fyppppppppppppppppppppppp, makeup"
skincarewithxia_,FALSE,"kbeauty, skincare, yesstyle, stylevana, koreanskincare, kskincare, skincareroutine, glassskin, serum, stylevanadiscount, anua, yesstyleinfluencers, dryskin, combinationskin, oilyskin"
skinhippie27,FALSE,"kbeauty, koreanskincare, skincare, fyp, skincareroutine, sensitiveskin, medicube, tirtir, glassskin, stylekorean, mimumimu, pcalm, yesstyleinfluencers, porecare, centellian24"
anika_kozlova,FALSE,"makeuphacks, eyemakeup, beautyhacks, beautyhack, eyeliner, makeuptutorial, beautyinfluencer, eyelinertutorial, makeup, eyemakeuptutorial, makeuphack, ugccreator, makeupfail, ugcbeauty, prommakeup"
itstessjohnson,FALSE,"ad, beauty, skincareroutine, skincare, glowingskin, sharespectrum, spectrumcollections, glowup, makeup, charlottetilbury, magicbeautystars, unboxing, beautymusthave, grwm, spectrumbeautysuite"
itsmelissaga,FALSE,"patricktabeauty, patricktablush, patricktanewblush, toastedteddy, brownblush, patrickta, redblush, holidaymakeup, patricktanew, lipcombo, mauveblush, blushcomparison, cherrylips, blackcherry, rhodepocketblush"
lifestylewithfatima,FALSE,"kbeauty, koreanskincare, skincareroutine, kbeautyroutine, glowingskin, glassskin, skincareaddict, unrecognizablemakeup, skincaretips, skincaretiktok, glowup, koreanbeauty, beautytips, healthyskin, haircareroutine"
bosslady__carla,FALSE,"atlcontentcreator, atlcreator, contentcreator, healthcareworker, community, skincare, creatorsearchinsights, youthtothepeople, healthcare, content, dayinmylife, jeeplife, capcut, postthatcontent, beautycreator"
curateandglow,FALSE,"skincare, skincareroutine, skincarerecommendations, skincarefaves, skincareproducts, glowyskin, skincarefavorites, makeup, skincaretips, skincaretiktok, skincareseries, spf, grwm, glowymakeup, fyp"
zwonylen,FALSE,"wonyoungism, pinkskincare, morningvlog, kbeauty, koreanskincare, pink, pinkcore, morninginmylife, kawaii, pinkkbeauty, wonyoungismvlog, nightroutine, koreanmakeup, pinkmakeup, pinkoutfit"
glam._diaries,FALSE,"kbeauty, koreanskincare, glowyskin, hydratedskin, moisturizedlips, winteressentials, fyp, mcobeauty, viralskincare, hudabeauty, lipoil, skincare, pickyreview, gopicky, lips"
sashask1n,FALSE,"kbeauty, creatorsearchinsights, skincare, koreanskincare, anua, medicube, makeup, haircare, skinfluencer, jbeauty, mixsoon, skincarereview, glassskin, yesstyle, acne"
ugc.by.zainab,FALSE,"ugc, ugccommunity, ugcexample, ugcjourney, ugccontentcreator, ugctips, makeup, skincare, ponds, hydration, complimentary, abib, abibcollageneyecream, collageneyecream, wrinkles"
liansloves,FALSE,"beautyadventcalendar, canada, beauty, sephora, christmas, advent, adventcalendar, christmastiktok, christmascountdown, sephoraadventcalendar, sephorahaul, sephoragiftlist, sephorasale, yyc, alberta"
andie_sorto,FALSE,"latinabeautycreator, maybellinepartner, gifted, lipstickswatches, beauty, drugstoremakeup, lipswatches, superstayteddytint, blurredlips, teddytint, tint, drugstorelippies, nyxcosmetics, nyxprofessionalmakeup, lipstain"
hanahdewybae,FALSE,"sfblogger, matcha, exosome, reedleshot, koreanskincareproducts, browsonfleek, millennial, russianmanicure, beingagirl, tinnedfish, grwm, americanshorthair, sardines, sausalito, chitchat"
gemavm10,FALSE,"babyannouncement, babytok, latinamomsoftiktok, latinamoms, latinamom, babiesoftiktok, babybump, mamaoutfits, latinamomtok, fitcheck, fitchecks, mamabear, secondbaby, babyfever, babylove"
keirrawebster,FALSE,"yourokcbestie, cybersecurity, techcareer, blackgirlintech, ipassed, fyp, okchairstylist, charliebrownchristmas, christmastreefail, cheaptok, cinnamonhair, strawberryblonde, oklahoma, christiantiktok, wonthedoit"
badblory,FALSE,"makeup, maquillage, foru, foryou, fyp, mua, pourtoi, parati, fypage, foryoupage, tropbelle, mkp, blue, makeupinspo, girl"
sya.skin,FALSE,"stylekorean, stylekoreanbox, skincare, stylekoreanambassador, hifu, eoa, vtcosmetics, stylekoreanstarbox, staroftheyear, glowskin, stylekoreanpartner, kbeauty, ambassadorsquad, arencia, arenciaskincare"
skincarewithbrit_,FALSE,"capcut, kbeauty, japaneseskincare, koreanskincare, kbeautyreview, avene, lipblam, japanesesunscreen, koreansunscreen, gopicky, japaneseskincareproducts, beautyofjoseon, shiseido, kbeautyrecommendation"
beauty_viridiana_,FALSE,"fyp, unboxing, imjustagirl, tiktokmademebuyit, parat, contentcreator, tiktokshop, pr, makeup, parati, imajinate, happybirthday, frenchie, urbandecay, shopnow"
emileerachel,FALSE,"benefitcosmetics, mominfluencer, stopmotion, averywoods, emiliekiser, bubbleskincare, fyp, tiktokshop, bubble, kitchenreset, edits, ttsbeautybesties, viral, creatorsearchinsights, hoolawave"
jhamheartsthis,FALSE,"blush, kbeauty, fypシ゚, cutemakeup, viralmakeup, blusher, purpleblush, liquidblush, houseofhur, koreanmakeup, fyppp, hur, moistampouleblusher, yesstyleinfluencers, yesstyle"
aglimpseofglow,FALSE,"ugccontentcreators, skincareinfluencer, makeupinfluencer, ugccontentcreator, skincaretexture, medicube, medicubecollagenjellycream, pinkskincare, ugccommunity, ugccreator, kaine, janeiredale, prhaul, roundlab, toner"
mariana.ugc,FALSE,"gorchicunboxing, gorchichaul, gorchic, fallhaul, luxurybag, ugc, fyp, mickeymouse, skin, skincare, koreanskincare, quotes, disneyland, disney, disneyparks"
tashfia____,FALSE,"girly, beautytok, beauty, girlythings, makeup, girlytok, products, makeuptok, beautytips, makeuplover, viral, lippies, trending, ramadan, dhaka"
jf.skin24,FALSE,"jfskindiary, kbeauty, skintok, koreanskincare, skincareroutine, skincare, review, medicube, medicubeambassador, yesstyle, yesstyleinfluencers, yesstylereview, claymask, glassskin, fully"
kbootyjenny,,
jennasiee,FALSE,"valeriamarquez, traumahealing, gemini, goodluck, mexican, peruvian, help, acefamily, austinmcbroom, catherine, ragebait, spotify, festival, lameloball, antibullying"
ugcxmichelle,FALSE,"ugcexample, ugccontent, ugccreator, usaugc, ugccommunity, petsnowy, litterbox, selfcleaninglitterbox, cat"
crystalschob3,FALSE,"fyp, healthy, happyathome, healing, godisgood, capcut, travel, fallaesthetic, fall, outfitinspo, contentcreator, girlthings, fashion, hollister, ootd"
srsdigitaldiary,FALSE,"skincare, goodmolecules, acnetreatment, acneproneskin, ugc, ugccontentcreator, ugccreator, htcxtide, turntocold"
shellllls_lifeeee,FALSE,"shellllls_lifeeee, dayinmylife, unboxing, dailyvlog, morningroutine, shopping, amazonfinds, amazon, skincaregoals, morningvlog, spendthedaywithme, inspiration, foodie, glowingskin, selfcare"
heyitsaliquinn,FALSE,"makeupfavorites, lipproducts, drugstoremakeup, lipgloss, maybellineliftergloss, nyxmilkygloss, favoritemakeup, makeupproducts, rarebeauty, beautyfavorites, charlottetilbury, bestmakeup, makeuphaul, iliabeauty, makeup"
ugc.carla,FALSE,"planesbarcelona, barcelonafood, patatasfritas, lasfritas, comerenbarcelona, ugc, ugccreator, ugccontentcreator, ugccommunity, ugcjourney, ugctips, comunidadugc, skincare, ugcexample"
danielaapryl,FALSE,"type4hair, fyp, naturalhair, shortnaturalhair, foryoupage, naturalhairstyles, washandgoroutine, washday, washandgo, scalpmassager, naturalhairdaily, curlyhairtutorial, protectivestyles, countdown, twa"
_taniagrover,FALSE,"bharatanatyam, southasian, dance, intruder, sponsored, brandcollab, blushmarkofficial, blushmark, influencer, nyc, nyccontentcreator, greenscreen, calistatools, rutgers, unboxing"
toninlanaa,FALSE,"couplesoftiktok, toninlana, couplegoals, couplecomedy, couplescomedy, couplesgoals, prankwars, coupletok, thanksandgiving, coupletiktoks, couplegoals❤️, suspectchallenge, couplestok, capcut, coupleschallenge"
ft.angela,FALSE,"dailyvlog, yvr, studentlife, aritziahaul, aritzia, mcmasteruniversity, colorcustomizer, studyvlog, koreavlog, mcmasteruni, foreveryone, studywithme, yyz, dailyvlogs, fyp"
auraofmahmuda,FALSE,"skincare, fyp, kbeauty, skintok, skincareroutine, clearskin, acne, viral, foryou, koreanskincare, explore, beauty, skincareaddict, skincaretips, influencer"
__allaboutskincare__,FALSE,"explore, tiktok, viral, kbeauty, douyinmakeup, cbeauty, koreanskincare, coquetteaesthetic, koreanmakeup, flowerknows, flowerknowsmakeup, fyp, foryoupage, relateablepost, coquettemakeup"
razan.alani,FALSE,"iraqi, foryou, ilovecats, arab, fyp, syrian"
ouibutnon,FALSE,"kbeauty, koreanskincare, kpop, blackswan, fatou, nvee, gabi, sriya, catandmouse, sacramento, kpinternationalmarket, liveperformance, fanmeeting, skincare, mixsoon"
kenandmel,FALSE,"kenandmel, fyp, pureinstinct, pheromonperfume, vlogmas, greenscreen, torras, target, coolifair"
skincarenotes,FALSE,"fyp, explore, skincarecommunity, skincare, skintok, perfumes, skincarereview, skincareroutine, spf, fraghead, healthyskin, hyperpigmentation, viralvideos, fyppp, middleeasternperfumes"
skin_with_zee,FALSE,"skincare, skin, skincaretips, explore, ugccreator, hyperpigmentation, reels, niacinamide, sunscreen, kbeauty, skincarecommunity, reelsinstagram, koreanskincare, skincareproducts, 7daysglow"
lovinglynat,FALSE,"kbeauty, lovinglynat, fyp, viral, fypシ, skincare, yesstyle, romand, koreanskincare, clio, makeup, beauty, dasique, etude, fypage"
lindsaymae_,FALSE,"booktok, romantasy, fourthwing, fantasy, throneofglass, acotar, tog, quicksilver, ironflame, onyxstorm, books, bookrecommendations, serpentsandthewingsofnight, whethemoonhatched, lotr"
kimglamglow,FALSE,
upasanaarora,FALSE,"spanx, spanxpartner, spanxstyle, spanxpants, pontepants, stylemepretty, prettyinblack, grwm, summervibes, summerstyle, alaska, alaskaliving, fairbanks, ak, unitedstatesofamerica"
_just.livinggg_,FALSE,"gopicky, pickyreview, kbeauty, glowingskin, koreanskincare, skincareobsessed, skincareroutine, centellian24, picky, cleanbeauty, koreanbeauty, pickycentellian24, skincarereview, manyo, skincarecommunity"
exquisiteexplorerig,FALSE,"koreanskincare, gopicky, giftedbyipsy, kbeauty, skincare, skincareblogger, pickyreview, skincareproducts, skincarejunkie, skincareaddict, skincareaddiction, skincareinfluencer, skincaregoals, skincarecommunity, skincareobsessed"
shannenbudihardjo,FALSE,"foryou, dogsoftiktok, tiktokpuppies, puppy, petvlog, shibainu, aerierealpositivity, fyp, japantrip, tokyoarchitecture, japanesearchitecture, petlover, promlook, earthday, werkitfromhome"
roselinni_,FALSE,"koreanskincare, fyp, kbeauty, skincare, skincareroutine, skintok, bodycare, skincare101, foryoupage, nongshim, nongshimusa, ramyun, foryou, fypシ, fypシ゚viral"
bebethssi,FALSE,"makeup, koreanbeauty, koreanskincare, foundation, cushion, basemakeup, diabetic, diabetestipo2, diabetes, diabetescheck, diabetesawareness, diabetesmellitus, diabetesmelitus, diabete, diabeticwarrior"
h.annahyu,FALSE,"skincare, kbeauty, beauty, wellness, ugccreator, skinhealth, skintok, guthealth, beautytips, beautytok, koreanskincare, selfcare, grwm, fyp, ugc"
neetimathur0,FALSE,"brownskinmakeup, brownskingirl, complimentinglips, maccosmetics, havaianaslivredecliches, browngirlfriendly, dewyfoundations, drugstore, laproconcealer, beccacosmetics, undereyecircles, undereyegame, makeupreviews, pepsiapplepiechallenge, makeuptutorial"
ugc.fer,FALSE,"ugccreator, ugc, ugcexample, ugccanada, ugccommunity, ugcportfolio, ugcvancouver, skincare, ugcbrasil, ugccreators, ugccontentcreator, ugchair, elfcosmetics, skincareroutine, canada"
glowithtay,FALSE,"fyp, makeup, skincare, haul, winners, gwrm, balmdotcom, swissmiss, glowy, alleyopp, rarebeauty, unboxing, minisopentaclaus, glossier, birthdaybalmdotcom"
skinwithhillaryy,FALSE,"matcha, matchatok, brandymelville, brandy, puertorico, puertoricotiktok, businessowner, businesstok, fyp, skincare, skincareroutine, bodycare, relatable, relationship, intuitiontest"
beautycarebydrhind,FALSE,"haircare, hairgrowth, hairandbeauty, beautycareproducts, beautycare, pamperyourself, dermaroller, organicproduct, staybeautiful, vitamins, proteins, naturalingredients, natureisthebest, scrub, organic"
thiglossglow,FALSE,"ugc, fyp, kbeauty, grwm, contentcreator, beautytips, vietnamese, koreanskincare, skincare, beauty, review, skincarenatural, summerfridays, softgirlaesthetic, pinkaesthetic"
quyen.la,FALSE,"fyp, butterflyeffect, butterfly, goodphil, uhfsa, goodphil2024, goodphil24, greenscreen, gp, houston, gp2024, jasontheween, college, foryou, uh"
jayanne.roller,FALSE,"ugc, beauty, ugccreator, skincare, 30daychallenge, morningskincareroutine, unboxing, rarebeauty, southeastasianbeautycreator, rarebeautyblush, rhode, rhodeskin, glazingmilk, haileybieber, beautycreators"
clahh__,FALSE,"glassskin, skincare, skincareroutine, bestseller, clearskin, skincaretips, cleansingoil, beauty, balea, dm, doublecleansing, foamcleanser, kbeauty, koreanskincare, korean"
glowingskinmadie,FALSE,"skincare, sunscreen, cruise, cruiseship, vacation, vacationsunscreen, royalcaribbean, poolside, skincaretips, sunscreenviral, glowingskin, makeup, kbeauty, benefitclubpink, skincare101"
dyknicx,FALSE,"kbeauty, recos, foryou, oliveyoungaffiliate, beautytok, yesstyleinfluencers, makeupph, lippies, glossylips, koreanskincare, fyp, koreanmakeup, skintok, cooltone, warmtone"
evesbeautylife,FALSE,"girltherapy, ugc, grwm, beautytips, beauty, skincare, selfcareproducts, ugccreators, girlssupportinggirls, microblog, makeup, girls, girlssupportgirls, microinfluncer, makeuptherapy"
urcreatorsophia,FALSE,"ugc, recommendations, motherhood, parenting, cooking, rec, momlife, momslife, foodcontent, momtok, ugccreator, contentcreator, baking, momsoftiktok, morningroutine"
skincare_with_kylie,FALSE,"aesthetic, explore, fyp, fypシ, explorepage, trending, love, contentcreator, content, explorepage✨, explorepages, reels, makeup, college, life"
lisaameyy,FALSE,"amazonfinds, skincare, amazonmusthaves, ugc, ugccontentcreator, ootd, fyp, ugccommunity, rhodeskin, amazonfashion, grwm, amazon, rhode, skincareroutine, makeup"
ggiuliarusso,FALSE,"perte, fyp, foryou"
sydnie_1209,FALSE,"kbeauty, koreanskincare, fyp, skincare, dailyskincare, beauty, stylekorean, koreanmakeup, ugc, glowingskin, facecare, makeup, stylekoreanambassador, dailymakeup, ugccontent"
highimdalilah,FALSE,"fyp, sephora, makeup, rarebeauty, lipcombo, refybeauty, refybrows, fypage, makeupforever, makeuptutorial, yslbeauty, fypシ, starbucks, soldejaniero, coach"
bythreewishes,FALSE,"nyctodo, nycactivities, freenycpopup, nycfreethingstodo, nycphotobooth, photobooth, duet, dealsandsteals, makeuphacks, makeupdeals, charlottetilbury, nycshopping, woodburycommon, woodburycommonpremiumoutlets, upstateny"
heyitsclarissaa,FALSE,"beautytok, sunglasseshack, fashiontiktok, makeuphacks, beautyhack, dezi, fyp, beautyhacks, makeuphack, retokfornature, smallspaceliving, mydolcemoment, amazonmusthaves, amazonhomefinds, apartmentupgrades"
Thatbaileygal,FALSE,
what_can_i_buy,FALSE,"cvspartner, ad, cvs, cvsepicbeauty, cvsdeals, cvsepicbeautydupe, couponcommunity, beautyfinds, affordablemakeup, cppartner, cozyearth, cvsepicbebeauty, elfcosmetics, makeupdupe, colourpop"
muji_bee_nyc,FALSE,"nycpopup, nyc, thingstodoinnyc, beauty, laneige, nycfree, newyorkcity, thingstodonyc, mujibee, glossierfleur, freenyc, glossier, newperfume, nycvlog"
nikkkaayy_,TRUE,"tiktokmakeup, tiktokbeauty, makeup, rarebeauty, rarebeautyblush, rarebeautymakeup, viralblush, rarebeautyreview, rarebeautybyselena, india, indiatravel, travelindia, indiantiktok, himalayas, ladakh"
newa_supriya,FALSE,"canoncamera, canong7x, camerag7xmarkiii, canonusa, canong7xunboxing, valentinesmakeup, fyp, valentinesday, prunboxing, latinamakeup, outfitinspo, snowstorm, capcut, makeuptrend"
ugcwithb__,FALSE,"kbeauty, explore, medicubeambassador, fyp, glassskin, medicube, viral, viralbeauty, wonyoungsim, sephora, ulta, trending, liptint, pinkmakeup, yesstyle"
sunshinefairy443,FALSE,"greenscreen, fyp, paratiiiiiiiiiiii, textoblanco, imagespin, docencia, fyppppppppppppp, textorojo, elladijo, delarose"
sophia.cathyy,FALSE,"christmas, christmastiktok, christmascountdown, food, weihnachtsmarkt, chirstmas2024, weihnachtsfeeling, blonde, fyp, sad, love"
glowinthegram,FALSE,"foryou, satisfying, asmr, cute, fyp, unboxing, whatsinmybag, explore, makeup, beautyhacks, makeuptutorial, beautytips, trends, newmakeup, beauty"
krisoncamera,FALSE,"dontoliver, hardstonepsycho, fein, ugc, ugccreator, foodugc, ugcexample, aesthetic, airbnbugc, hawaiitiktok, oahu, honolulu"
ugc.by.iri,FALSE,"ugccreator, ugc, contentcreator, ugcportfolio, ugccommunity, ugcbeginner, editing, foryoupage, ugcexample, fypage, pitching, branddeals, bephor, naturalhair, scalpbraids"
aeht.ugc,FALSE,"fyp, viral, viraltiktok, trend, viralvideo, trending, trendingvideo, iphone, iphone15pro, apple, applestore, titanium, skincare, clearskin, jskin"
lovelyleilani.ugc,FALSE,
honest_recs,FALSE,"skincare, giftedbydrunkelephant, koreanskincare, vanleeuwenicecream, vanleeuwensweettreat, gifted, beautyofjoseon, trufru, skincarereviews, christmas, cfxdrunkelephant, complimentary, ad, kbeauty, giftedbysdj"
almostsimplysky,FALSE,"fyp, foryou, dutchbros, dutchbrospuravida, dutchbrosxpuravida, puravida, puravidabracelets, puravidaambassador, ugccreator, theerastour, theerastourseattle, seattlen1, christmas, theerastourtaylorswift, theeras"
amirka08,FALSE,"kbeauty, skincare, fyp, 2025, newyear, happynewyear, skincarefridge, kroutine, make, refri, minirefri, minirefrigeratorforskincare, retro, coral"
chilibeauty1201,FALSE,"skincare, makeup, maquillaje, kbeauty, farm, gloss, aesthetic, country, selfcare, grwm, farmhome, skincareroutine, korean, showerroutine, home"
abigail.ugc.creator,FALSE,
skinwsara,FALSE,"fyp, fasttwitchcontest, grwmmakeup, makeupfavorites, makeuppicks, beautyaesthetic, lipglossaesthetic, makeupmusthaves, lipglossaddict, makeupswatches, summerfridays, lipbutterbalm, brownlipfavorites, lipbalmfavorites, skincaretiktok"
miralii.m,FALSE,"yjhd, explorepage, minivlog, minilunch, indiavlog, desi, desifashion, winter, kurti, dayout, slowfashion, girls, pinterestfashion, dayinmylife, dayinmylifevlog"
_janessam,FALSE,"fyp, makeuproutine, fypviral, rosein, berryblush, creamblush, baseroutine, makeup, makeuplover, beautyhacks, eyeshadow, barcelona, traveltok, lipswatch"
annahostriakova,FALSE,"fyp, viralmakeup, rhode, makeuphack, viralskincare, glassskin, skincare, makeuphacks, cleangirl, glowskin, viral, beauty, koreanskincare, selfcareroutine"
ibubblii,FALSE,"vspartner, vsfashionshow, nycfashionblogger, nycfashionshow, victoriassecret, icons, models, lisarockstar, tyla, cher, tyrabanks, adrianalima, viori, dimsum, shampoobars"
beautyfanaticjenn,FALSE,"asmrmakeup, makeuploversunite, velvetlipstick, lipstickswatches, maccosmetics, bzzagent, bzzagentcampaign, maclipsticks, lipsticklover, maccosmeticslipstick, creamylipstick, hydratinglipstick, hydratinglipstick"
ugc_adriiana,FALSE,"ugc, ugccreator, ugcexample, ugccommunity, ugccontentcreator, ugcbeauty, ugcmakeupcreator, ugcmakeup, ugcmakeupexample, ugcskincare, ugcskincareexample, ugcskincareroutine, makeup, beautytips, beautyroutine"
glowological,FALSE,"skincareroutine, glowingskin, selfcare, glowup, skincareaddict, skincare, kbeauty, skincarecommunity, beautyroutine, healthyskin, skincarejunkie, dewyskin, radiantskin, beautyessentials, hydratedskin"
kat.iveth1,FALSE,"beautysponges, powderpuffs, powderpuffmakeup, makeuptiktok, kativeth, makeup, beautyblendercleaning, beautyspongewashing, howtowashbeautyblender, skincare, makeupreview, skinproud, iamskinproud, walmartfinds, top5makeup"
fabulous.mira.skincare,FALSE,"skincare, grwm, elemisskinsider, loveelemis, naturaldeodorant, sweaty, sweatproof, deodorantviral, skincaretips, skincareblogger, botoxfreesince93, lorealistaruk, skintok, spf, heatlesscurls"
ugcale,FALSE,"ugccreator, ugc, ugccommunity, ugcexample, ugccontentcreator, contentcreator, ugckbeauty, ugccontent, contentcreators, calmingco, urelax, gifted, giftedbycalmingco, necessaire, ugcskincarecontent"
ugcwithmeriem,FALSE,"koreanskincare, skincareroutine, fry, beauty, ugc, sensitiveskin, skincare, kbeauty, pr, foryou, sunprotection, foryoupage, ugccreator, beautyproduct, serumreview"
stanskincare,FALSE,"kbeauty, skincare, trymereviewme_somebymi, skincareroutine, kbeautyskincare, suisuisharewithme, acne, cleanser, acnefighter, soothing, skin, fypシ, calming, irritatedskin, beauty"
keytoglo,FALSE,"skincare, kbeauty, skin, fyp, morningskincareroutine, oilyskin, skincareroutine, morningroutine, koreanbeauty, makeup, skincaretiktok, skincare101, skincareviral, skintok, beauty"
kiki.dee__,FALSE,"fyp, koreanskincare, dryskintips, imfrom, imfromhoneymask, skincarereview, washoffmask, wishtrend, milkytoner, dryskincare, relateable, funny, girlproblems, trending, funnytiktok"
denitsab3auty,FALSE,"fyp, skincare, koreanskincare, oddlysatisfying, skincareroutine, aesthetic, kbeauty, aesthetics, glassskin, contentcreator, anua, texture, glowingskin, beauty, aestheticvideos"
dreamyglowyskin,FALSE,"kbeauty, skincare, koreanskincare, skincareroutine, gopicky, skincaretips, aesthetic, soft, pickyreview, skincare101, skincareproducts, koreanmakeup, aesthetics, skincareviral, kbeautymakeup"
maddysbeautytalk,FALSE,"meccabeauty, makeuptips, creatorsearchinsights, fyp, sephora, unboxing, newmakeup, mecca, lipblam, lipstick, makeup, viralmakeup, makeuptutorial, makeuphaul, clinique"
betweendots,FALSE,"kbeauty, kskincare, 365skincare, skincareroutine, koreańskiekosmetyki, koreanskincare, kosmetyki, korejskakozmetika, productphotography, abcommunity, skinalgo, texturetuesday, 피부, koreancosmetic, kbeautyroutine"
pinksandrosies,FALSE,"kbeauty, yesstyle, yesstyleinfluencers, ugccreator, ugccommunity, medicubeambassdor, medicube, koreanmodel, residentplaybook, goyounjung, goyounjung_naksu, kdrama, kdramalove"
aera.ugc,FALSE,"kbeauty, makeup, skincare, fyp, nyxcosmetics, blush, beauty, fentybeauty, centellaskincare, yesstyle, elf, dasique, dior, sheglamblush, haircareroutine"
klea.sotiri,FALSE,"fyp, albaniantiktok, fypシ, fyppppppppppppppppppppppp, albaniangirl, albania, foryoupage, viralvideo, albanian, barcelona, spain, foryou, valbona, miami, versacemansion"
zahraxbeauty,FALSE,"creatorsearchinsights, fyp, skincareroutine, makeup, beautytok, makeupforbrownskin, skincaretips, lipcombo, makeuptok, makeupforbeginners, skincare, fallmakeup, transferproof, transferprooflipstick, trendinglipstick"
katysayfi,FALSE,"asmr, selfcare, skincare, showerroutine, nightroutine, morningroutine, beauty, koreanskincare, cleaningmotivation, showerrroutine, selfcarenight, asmrselfcare, packwithme, kbeauty, shower"
sonuugrg_,FALSE,"fyp, nepalitiktok, nepal, ugc, ugccreator, fypシ, skincare, haircare, hairtok, haircaretips, theordinary, glycolictoner, scalpcare, travel, nepali"
looksbyhiba,FALSE,"fyp, explore, contentcreator, reels, aesthetic, videooftheday, discoverunder10k, oddlysatisfying, glowingskin, trending, explorepage, makeuptutorial, reelsinstagram, charlottetilbury, cleangirlaesthetic"
zoe.aesthetic.grw,FALSE,"soldejaniero, sephora, summerscent, relatable, stitch, fypage, summer, skincare, starbucks, summervibes, pool, influencer, dream, prpackage, thingsilove"
thedikshadiary,FALSE,"punjabibride, wedding, indianbride, newlywed, pehlirasoi, unboxing, ipad, asmr, asmrvideo, asmrsounds, skincare, trending, foryoupage, skincareroutine, fitcheck"
akshayareddykontham,FALSE,"aasakooda, recreatingoutfits, tiktok, skincareroutine, glassskincare, nomakeupmakeuplook, maybelline4in1perfector, essencemascara, minimalmakeuplook, sheindress, sheindressesforvacation, trending, sheindresses, sheinblackdresses, sheinusa"
thehydratedhunny,FALSE,"sezane, earcuff, earrings, earringcheck, earjewelry, jewelry, jewellery, stitch, viralfashion, fashionhacks, makeuptips, makeupswatches, makeup, skincareroutine, beautytok"
grace_forevermore_,FALSE,"kbeauty, koreanskincare, makeupinspo, glassskin, skincaregoals, makeuplovers, skincare, glowup, skincarelovers, medicube, medicubeambassador, motd, productreviewer, trending, makeup"
brendasbeautyblog_,FALSE,"fyp, foryou, parati, prgifted, skincaretiktok, foryourpage, koreanskincare, contentcreator, ugccontentcreator, kbeauty, beautytok, paratii, skincare, ugccreator, glowup"
nizvetsbeautydiaries,FALSE,"capcut, nizvetsbeautydiaries, skincare, selfcare, sunscreen, lipbalm, spfisyourbff, glowingskin, skincarelover, lipsticklover, productreview, lipgloss, sunscreensunday, nizvetsskincarediaries, lipstick"
hijabiskinfluencer,FALSE,"hijabiskinfluencer, koreanskincare, koreansunscreen, kbeauty, skincarereview, sunscreenreview, nowhitecastsunscreen, chemicalsunscreen, neopharm, spf50, skincareinfluencer, sunscreenrecommendation, summeressentials, affordablesunscreen, dermabsunblock"
skincarepessimist,FALSE,"kbeauty, skincareroutine, skincare, spf, beautyroutine, glowingskin, beautyessentials, hydration, skincarepessimit, skincaregoals, koreanbeauty, flawlessskin, cuidadodelapiel, beautyblogger, skinprotection"
mottaskin,FALSE,"mottaskin, cerave, moisturizelikeaderm, ceravepartner, skincareroutine, skincare, oilyskin, cliniquepartner, clinique3stepreset, clinique, skincareproducts, koreanskincare, losangeles, koreanskincarelosangeles, ad"
stephaniienini,FALSE,"frozen2, jacketcheck, sequins, bodypositivity, beautystandards, plasticsurgery, deinfluencing, labubus, kbeauty, asianbeautyblogger, ugccreator, greenscreen, liptryon, lipproductcheck, asiancontentcreator"
dearkisha_,FALSE,"contentcreator, explorepage, explore, fyp, beauty, content, lifestyle, blackgirlmagic, sewingtutorial, grwm, minivlog, makeup, dayinthelife, morning, viral"
nattylattie,FALSE,"fypage, justagirl, outfitinspo, fypツ, girlsproblems, fypシ゚viral, gettingready, makeuptransitions, fypシ, makeuplooks❤️, makeupinspo, datenightoutfit, winteroutfitideas, girlproblem, makeupinspiration"
celinedamji,FALSE,"fyp, arabwomen, browngirlproblems, arabcomedy, thestruggles, browngirls, beingarab, waxing, ugccommunity, ugccreator, yyzevents, torontoactivities, thingstodotoronto, torontodateideas, torontofood"
melinamujer,FALSE,"makeup, beauty, momlife, mom, mama, mommy, baby, toy, momquarantine, mua, tiktok, saveinstyle, loveshein, trend, makeupartist"
irisoyeon_,FALSE,"medicube, ager, glowbooster, glassskin, milkyskin, pearlskin, khloedevice, kardashiandevice, jellyskin, agerboosterpro, agerboosterh, boosterpro, medicubeambassador, skincaredevice, fyp"
arvika_j,FALSE,
_arishasheikh,FALSE,"fypp, fypsounds, foryoupage, foryou, preppylifestyle, therapeutic, adulting, slownightroutine, doritostriangletryout, saferspace, fyppage, microinfluencer, pinterestwannabe, microcreators, trending"
ugcbyjamie,FALSE,"ugc, ugccreator, haircare, hairtok, feelwhatsreal, herbalessences, couple, dateidea, aquariumdate, manilaoceanpark, relationship, dazzlemeph, dazzlemesunscreen, newgenerationuvfilter, sunscreenviral"
skincareuprising,FALSE,"skincare, skincarereview, skincareproducts, review, recommendation, beauty, kbeauty, skincarecommunity, makeup, skincaretips, skincareaddict, skincarelover, tiktokskincare, koreanskincare, skincareblogger"
timeforrice,FALSE,"koreanskincare, skincarereview, skincaretips, skincareregimen, menkoreanskincare, oilyface, pickyreview, gopicky, skincareunboxing, houstonskincare, howtoskincare, poreconcern, largepore, kbeauty, skincarehonestreveiws"
